CREATE TABLE
    APP
    (
        APP_ID BIGINT NOT NULL GENERATED BY DEFAULT AS IDENTITY (START WITH 5),
        NAME VARCHAR(255) NOT NULL,
        DESCRIPTION VARCHAR(255) NOT NULL,
        CREATE_TIME VARCHAR(14) DEFAULT '99991231235959' NOT NULL,
        UPDATE_TIME VARCHAR(14) DEFAULT '99991231235959' NOT NULL,
        EMAILS VARCHAR(255) NOT NULL,
        CONSTRAINT PK_APP PRIMARY KEY (APP_ID)
    );
INSERT INTO app (app_id, name, description, create_time, update_time, emails) VALUES (2, 'disconf_demo', 'disconf demo', '99991231235959', '99991231235959', '');
INSERT INTO app (app_id, name, description, create_time, update_time, emails) VALUES (3, 'ifsp-cis', '微服务网关', '20190529171005', '20190529171005', '13810063461@163.com');
select * from APP;

CREATE TABLE
    CONFIG
    (
        CONFIG_ID BIGINT NOT NULL GENERATED BY DEFAULT AS IDENTITY (START WITH 159),
        TYPE SMALLINT DEFAULT 0 NOT NULL,
        STATUS SMALLINT DEFAULT 1 NOT NULL,
        NAME VARCHAR(255) NOT NULL,
        VALUE LONG VARCHAR NOT NULL,
        APP_ID BIGINT NOT NULL,
        VERSION VARCHAR(255) DEFAULT 'DEFAULT_VERSION' NOT NULL,
        ENV_ID BIGINT NOT NULL,
        CREATE_TIME VARCHAR(14) DEFAULT '99991231235959' NOT NULL,
        UPDATE_TIME VARCHAR(14) DEFAULT '99991231235959' NOT NULL,
        CONSTRAINT PK_CONFIG PRIMARY KEY (CONFIG_ID)
    );
INSERT INTO config (config_id, type, status, name, value, app_id, version, env_id, create_time, update_time) VALUES (4, 0, 1, 'coefficients.properties', 'coe.baiFaCoe=1.3
coe.yuErBaoCoe=1.3
', 2, '1_0_0_0', 1, '99991231235959', '20141205154137');
INSERT INTO config (config_id, type, status, name, value, app_id, version, env_id, create_time, update_time) VALUES (5, 1, 1, 'moneyInvest', '10000', 2, '1_0_0_0', 1, '99991231235959', '20140902183514');
INSERT INTO config (config_id, type, status, name, value, app_id, version, env_id, create_time, update_time) VALUES (6, 0, 1, 'remote.properties', 'remoteHost=127.0.0.1
remotePort=8081', 2, '1_0_0_0', 1, '20140729174707', '20140804233309');
INSERT INTO config (config_id, type, status, name, value, app_id, version, env_id, create_time, update_time) VALUES (7, 1, 1, 'discountRate', '0.5', 2, '1_0_0_0', 1, '20140801142833', '20140905130141');
INSERT INTO config (config_id, type, status, name, value, app_id, version, env_id, create_time, update_time) VALUES (12, 0, 1, 'redis.properties', 'redis.host=127.0.0.1
redis.port=6379', 2, '1_0_0_0', 1, '20140811172327', '20141011154244');
INSERT INTO config (config_id, type, status, name, value, app_id, version, env_id, create_time, update_time) VALUES (16, 0, 1, 'static.properties', 'staticVar=147', 2, '1_0_0_0', 1, '20140814202654', '20140905145616');
INSERT INTO config (config_id, type, status, name, value, app_id, version, env_id, create_time, update_time) VALUES (17, 1, 1, 'staticItem', '30', 2, '1_0_0_0', 1, '20140814210709', '20140814211054');
INSERT INTO config (config_id, type, status, name, value, app_id, version, env_id, create_time, update_time) VALUES (29, 0, 1, 'empty.properties', 'redis.host=127.0.0.1
redis.port=8310', 2, '1_0_0_0', 1, '20140909164001', '20140909164125');
INSERT INTO config (config_id, type, status, name, value, app_id, version, env_id, create_time, update_time) VALUES (48, 0, 1, 'myserver.properties', 'server=127.0.0.1:16600,127.0.0.1:16602,127.0.0.1:16603
retry=5
', 2, '1_0_0_0', 1, '20140911223117', '20141117153116');
INSERT INTO config (config_id, type, status, name, value, app_id, version, env_id, create_time, update_time) VALUES (119, 0, 1, 'myserver_slave.properties', '#online
server=127.0.0.1:16700,127.0.0.1:16700,127.0.0.1:16700,127.0.0.1:16700
retry=3', 2, '1_0_0_0', 1, '20141103163302', '20141103163302');
INSERT INTO config (config_id, type, status, name, value, app_id, version, env_id, create_time, update_time) VALUES (122, 0, 1, 'testXml.xml', '<?xml version="1.0" encoding="UTF-8"?>
<routes>
    <route sourceHost="*" sourcePort="*"
        proxyHost="127.0.0.1" proxyPort="8081">
        <rule>
            <from method="get">/tradeMap</from>
            <to method="get">/tradeMap</to>
        </rule>
    </route>
</routes>', 2, '1_0_0_0', 1, '20141103202829', '20141110193440');
INSERT INTO config (config_id, type, status, name, value, app_id, version, env_id, create_time, update_time) VALUES (143, 0, 1, 'testXml2.xml', '<?xml version="1.0" encoding="UTF-8"?>
<routes>
    <route sourceHost="*" sourcePort="*"
        proxyHost="127.0.0.1" proxyPort="8081">
        <rule>
            <from method="get">/tradeMap</from>
            <to method="get">/tradeMap</to>
        </rule>
    </route>
</routes>', 2, '1_0_0_0', 1, '20141110193605', '20141110193605');
INSERT INTO config (config_id, type, status, name, value, app_id, version, env_id, create_time, update_time) VALUES (146, 0, 1, 'code.properties', 'syserror.paramtype=u8bf7u6c42u53c2u6570u89e3u6790u9519" + "u8bef', 2, '1_0_0_0', 1, '20150107115835', '20150107115835');
INSERT INTO config (config_id, type, status, name, value, app_id, version, env_id, create_time, update_time) VALUES (147, 0, 1, 'testJson.json', '{"message": {}, "success": "true"}', 2, '1_0_0_0', 1, '20150121150626', '20150121153650');
INSERT INTO config (config_id, type, status, name, value, app_id, version, env_id, create_time, update_time) VALUES (148, 0, 1, 'autoconfig.properties', 'auto=bbdxxjdccd', 2, '1_0_0_0', 1, '20150320130619', '20150320224956');
INSERT INTO config (config_id, type, status, name, value, app_id, version, env_id, create_time, update_time) VALUES (149, 0, 1, 'autoconfig2.properties', 'auto2=cd', 2, '1_0_0_0', 1, '20150320130625', '20150320203808');
INSERT INTO config (config_id, type, status, name, value, app_id, version, env_id, create_time, update_time) VALUES (150, 1, 0, 'a', '1', 3, '1.0.0', 1, '20190529171155', '20190529171508');
INSERT INTO config (config_id, type, status, name, value, app_id, version, env_id, create_time, update_time) VALUES (151, 0, 1, 'fluxfilter_qps.json', '{
	"qpsTxnMap": {
		"qpstxdefault": {
			"qpsnum": 100000,
			"qpstrytimeout": 0,
			"qpswarmupperiod": 0
		},
		"Q10001": {
			"qpsnum": 5000,
			"qpstrytimeout": 20,
			"qpswarmupperiod": 20
		},
		"P10001": {
			"qpsnum": 700,
			"qpstrytimeout": 0,
			"qpswarmupperiod": 0
		},
		"Q10002": {
			"qpsnum": 700,
			"qpstrytimeout": 25,
			"qpswarmupperiod": 22
		},
		"P10002": {
			"qpsnum": 100,
			"qpstrytimeout": 10,
			"qpswarmupperiod": 10
		},
		"U10001": {
			"qpsnum": 100,
			"qpstrytimeout": 0,
			"qpswarmupperiod": 0
		}
	}
}', 3, '1.0.0', 1, '20190529171826', '20190529171826');
INSERT INTO config (config_id, type, status, name, value, app_id, version, env_id, create_time, update_time) VALUES (152, 0, 1, 'fluxfilter_sema.json', '{
	"semanum": 5000,
	"sematrytimeout": 0,
	"fairflag": false,
	"semaonoff": true
}', 3, '1.0.0', 1, '20190529172641', '20190529172641');
INSERT INTO config (config_id, type, status, name, value, app_id, version, env_id, create_time, update_time) VALUES (153, 0, 1, 'routefilter_dynamic.json', '{
	"routeMap": {
		"receiver==''cgb'' and msgtype==''0124''": "cgb.bankTransferServiceConsumer::transferAccount",
		"receiver==''HJPT2''": "cgb.queryUserInfo1::queryUserInfo2"
	}
}', 3, '1.0.0', 1, '20190529172716', '20190717124000');
INSERT INTO config (config_id, type, status, name, value, app_id, version, env_id, create_time, update_time) VALUES (154, 0, 1, 'routefilter_service.json', '{
  "serviceMap": {
    "cgb.cUserInfoConsumer": {
      "clientTimeout": 10000,
      "maxWaittimeForfsaddress": 1000,
      "methodList": [
        "queryUserInfo::com.ruimin.ifs.cgb.service.io.UserInfoServiceIn"
      ],
      "serviceGroup": "cgb",
      "servideName": "com.ruimin.ifs.cgb.service.IUserInfoService",
      "version": "1.0.0"
    },
    "cgb.bankTransferServiceConsumer": {
      "clientTimeout": 10000,
      "maxWaittimeForfsaddress": 1000,
      "methodList": [
        "transferAccount::com.ruimin.ifs.be.bank.service.io.BankTransferServiceIn"
      ],
      "serviceGroup": "cgb",
      "servideName": "com.ruimin.ifs.be.bank.service.IBankTransferService",
      "version": "1.0.0"
    }
  }
}', 3, '1.0.0', 1, '20190529172742', '20190717123444');
INSERT INTO config (config_id, type, status, name, value, app_id, version, env_id, create_time, update_time) VALUES (155, 0, 1, 'routefilter_static.json', '{
  "routeMap": {
    "2500061": "cgb.cUserInfoConsumer::queryUserInfo"
  }
}', 3, '1.0.0', 1, '20190529172751', '20190710230723');
INSERT INTO config (config_id, type, status, name, value, app_id, version, env_id, create_time, update_time) VALUES (156, 0, 1, 'chl_ipblackwhite_list.json', '{
	"listType": "0",
	"ipBlackWhiteSetList": {
		"PAY": {
			"blackList": [
				"192.168.0.1"
			],
			"whiteList": [
                               "10.2.36.162",
				"192.168.0.1"
			]
		}
	}
}
', 3, '1.0.0', 1, '20190530113503', '20190530113503');
INSERT INTO config (config_id, type, status, name, value, app_id, version, env_id, create_time, update_time) VALUES (157, 1, 1, 'fluxfilter_qpsonoff', 'false', 3, '1.0.0', 1, '20190530140655', '20190530140655');

CREATE TABLE
    CONFIG_HISTORY
    (
        ID BIGINT NOT NULL GENERATED BY DEFAULT AS IDENTITY (START WITH 36),
        CONFIG_ID BIGINT NOT NULL,
        OLD_VALUE CLOB(2147483647) NOT NULL,
        NEW_VALUE CLOB(2147483647) NOT NULL,
        CREATE_TIME VARCHAR(14) DEFAULT '99991231235959' NOT NULL,
        UPDATE_BY BIGINT,
        CONSTRAINT PK_CONFIG_HISTORY PRIMARY KEY (ID)
    );
INSERT INTO config_history (id, config_id, old_value, new_value, create_time, update_by) VALUES (1, 150, '', '1', '20190529171155', 6);
INSERT INTO config_history (id, config_id, old_value, new_value, create_time, update_by) VALUES (2, 150, '1', '', '20190529171508', 6);
INSERT INTO config_history (id, config_id, old_value, new_value, create_time, update_by) VALUES (3, 151, '', '{
	"qpsTxnMap": {
		"qpstxdefault": {
			"qpsnum": 100000,
			"qpstrytimeout": 0,
			"qpswarmupperiod": 0
		},
		"Q10001": {
			"qpsnum": 5000,
			"qpstrytimeout": 20,
			"qpswarmupperiod": 20
		},
		"P10001": {
			"qpsnum": 700,
			"qpstrytimeout": 0,
			"qpswarmupperiod": 0
		},
		"Q10002": {
			"qpsnum": 700,
			"qpstrytimeout": 25,
			"qpswarmupperiod": 22
		},
		"P10002": {
			"qpsnum": 100,
			"qpstrytimeout": 10,
			"qpswarmupperiod": 10
		},
		"U10001": {
			"qpsnum": 100,
			"qpstrytimeout": 0,
			"qpswarmupperiod": 0
		}
	}
}', '20190529171826', 6);
INSERT INTO config_history (id, config_id, old_value, new_value, create_time, update_by) VALUES (4, 152, '', '{
	"semanum": 5000,
	"sematrytimeout": 0,
	"fairflag": false,
	"semaonoff": true
}', '20190529172641', 6);
INSERT INTO config_history (id, config_id, old_value, new_value, create_time, update_by) VALUES (5, 153, '', '{
	"routeMap": {
		"receiver==''HJPT''": "user.queryUserInfo1::queryUserInfo",
		"receiver==''HJPT2''": "user.queryUserInfo1::queryUserInfo2"
	}
}', '20190529172716', 6);
INSERT INTO config_history (id, config_id, old_value, new_value, create_time, update_by) VALUES (6, 154, '', '{"serviceMap":{"txn.TxnLcSubscribeService":{"clientTimeout":3000,"maxWaittimeForfsaddress":1000,"methodList":["lcSubScribeCheckStep1::com.ruimin.intfin.txn.service.lcsubscribe.io.LcSubScribeCheckStep1In","lcPrdGetExpectProfit::com.ruimin.intfin.txn.service.lcsubscribe.io.LcPrdGetExpectProfitIn","lcSubScribeCheckStep2::com.ruimin.intfin.txn.service.lcsubscribe.io.LcSubScribeCheckStep2In","lcSubScribeCommit::com.ruimin.intfin.txn.service.lcsubscribe.io.LcSubScribeCommitIn","lcSubScribePayInit::com.ruimin.intfin.txn.service.lcsubscribe.io.LcSubScribePayInitIn"],"serviceGroup":"txn","servideName":"com.ruimin.intfin.txn.service.lcsubscribe.TxnLcSubscribeService","version":"1.0.0"},"user.UserRiskAssessmentService":{"clientTimeout":3000,"maxWaittimeForfsaddress":1000,"methodList":["queryRiskAssessmentQuestions::com.ruimin.intfin.user.service.survey.io.QueryRiskAssessmentQuestionsIn","submitRiskAssessmentQuestions::com.ruimin.intfin.user.service.survey.io.SubmitRiskAssessmentQuestionsIn"],"serviceGroup":"user","servideName":"com.ruimin.intfin.user.service.survey.UserRiskAssessmentService","version":"1.0.0"},"prd.PrdQueryPositionService ":{"clientTimeout":3000,"maxWaittimeForfsaddress":1000,"methodList":["prdQueryHistoryPositionDetail::com.ruimin.intfin.prd.service.product.io.PrdQueryHistoryPositionDetailIn","prdQueryTotalPosition::com.ruimin.intfin.prd.service.product.io.PrdQueryTotalPositionIn","prdQueryCurrentPositionList::com.ruimin.intfin.prd.service.product.io.PrdQueryCurrentPositionListIn","prdQueryHistoryPositionList::com.ruimin.intfin.prd.service.product.io.PrdQueryHistoryPositionListIn"],"serviceGroup":"prd","servideName":"com.ruimin.intfin.prd.service.product.PrdQueryPositionService ","version":"1.0.0"},"txn.QueryLcTransferService":{"clientTimeout":3000,"maxWaittimeForfsaddress":1000,"methodList":["queryLcTransferDetail::com.ruimin.intfin.txn.service.lcquery.io.QueryLcTransferDetailIn","queryLcTransferListForSeller::com.ruimin.intfin.txn.service.lcquery.io.QueryLcTransferListForSellerIn"],"serviceGroup":"txn","servideName":"com.ruimin.intfin.txn.service.lcquery.QueryLcTransferService","version":"1.0.0"},"txn.QueryLcTransferProductService":{"clientTimeout":3000,"maxWaittimeForfsaddress":1000,"methodList":["queryLcTransferProductListForSeller::com.ruimin.intfin.txn.service.lcquery.io.QueryLcTransferProductListForSellerIn","queryLcTransferProductListForBuyer::com.ruimin.intfin.txn.service.lcquery.io.QueryLcTransferProductListForBuyerIn"],"serviceGroup":"txn","servideName":"com.ruimin.intfin.txn.service.lcquery.QueryLcTransferProductService","version":"1.0.0"},"txn.QueryLcSubscribeService":{"clientTimeout":3000,"maxWaittimeForfsaddress":1000,"methodList":["queryLcSubscribeList::com.ruimin.intfin.txn.service.lcquery.io.QueryLcSubscribeListIn"],"serviceGroup":"txn","servideName":"com.ruimin.intfin.txn.service.lcquery.QueryLcSubscribeService","version":"1.0.0"},"prd.PrdQueryProductService":{"clientTimeout":3000,"maxWaittimeForfsaddress":1000,"methodList":["PrdQueryProductDetailForTrade::com.ruimin.intfin.prd.service.product.io.PrdQueryProductDetailForTradeIn","prdQueryProductListForTrade::com.ruimin.intfin.prd.service.product.io.PrdQueryProductListForTradeIn"],"serviceGroup":"prd","servideName":"com.ruimin.intfin.prd.service.product.PrdQueryProductService","version":"1.0.0"},"mkt.MktSkActInfoService":{"clientTimeout":3000,"maxWaittimeForfsaddress":1000,"methodList":["queryMktSkActInfoList::com.ruimin.intfin.mkt.service.io.QueryMktSkActInfoListIn"],"serviceGroup":"mkt","servideName":"com.ruimin.intfin.mkt.service.MktSkActInfoService","version":"1.0.0"},"user.UserRegisterService":{"clientTimeout":3000,"maxWaittimeForfsaddress":1000,"methodList":["userAutoRegister::com.ruimin.intfin.user.service.register.io.UserAutoRegisterIn"],"serviceGroup":"user","servideName":"com.ruimin.intfin.user.service.register.UserRegisterService","version":"1.0.0"},"acct.EacctQryService":{"clientTimeout":3000,"maxWaittimeForfsaddress":1000,"methodList":["qryEacctTxnLog::com.ruimin.intfin.acct.service.eacct.io.QryEacctTxnLogIn","qryEacctList::com.ruimin.intfin.acct.service.eacct.io.QryEacctListIn","qryEacct::com.ruimin.intfin.acct.service.eacct.io.QryEacctIn"],"serviceGroup":"acct","servideName":"com.ruimin.intfin.acct.service.eacct.EacctQryService","version":"1.0.0"},"user.UserSecQuestionService":{"clientTimeout":3000,"maxWaittimeForfsaddress":1000,"methodList":["queryUserSecQuestionOfVerify::com.ruimin.intfin.user.service.sec.io.QueryUserSecQuestionOfVerifyIn","vertifyUserSecQuestion::com.ruimin.intfin.user.service.sec.io.VertifyUserSecQuestionIn","queryUserSecQuestionLib::com.ruimin.intfin.user.service.sec.io.QueryUserSecQuestionLibIn","setUserSecQuestion::com.ruimin.intfin.user.service.sec.io.SetUserSecQuestionIn","queryUserSecQuestion::com.ruimin.intfin.user.service.sec.io.QueryUserSecQuestionIn"],"serviceGroup":"user","servideName":"com.ruimin.intfin.user.service.sec.UserSecQuestionService","version":"1.0.0"},"acct.ZybService":{"clientTimeout":3000,"maxWaittimeForfsaddress":1000,"methodList":["qryZybTxnLog::com.ruimin.intfin.acct.service.zyb.io.QryZybTxnLogIn","qryZyb::com.ruimin.intfin.acct.service.zyb.io.QryZybIn"],"serviceGroup":"acct","servideName":"com.ruimin.intfin.acct.service.zyb.ZybService","version":"1.0.0"},"txn.LcTransferApplyService":{"clientTimeout":3000,"maxWaittimeForfsaddress":1000,"methodList":["lcTransferApplyCancel::com.ruimin.intfin.txn.service.lctransfer.io.LcTransferApplyCancelIn","lcTransferApplyCommit::com.ruimin.intfin.txn.service.lctransfer.io.LcTransferApplyCommitIn","lcTransferApplyCheck::com.ruimin.intfin.txn.service.lctransfer.io.LcTransferApplyCheckIn"],"serviceGroup":"txn","servideName":"com.ruimin.intfin.txn.service.lctransfer.LcTransferApplyService","version":"1.0.0"},"acct.EacctMngService":{"clientTimeout":3000,"maxWaittimeForfsaddress":1000,"methodList":["setPreferEacct::com.ruimin.intfin.acct.service.eacct.io.SetPreferEacctIn"],"serviceGroup":"acct","servideName":"com.ruimin.intfin.acct.service.eacct.EacctMngService","version":"1.0.0"},"mkt.MktSkLmInfoService":{"clientTimeout":3000,"maxWaittimeForfsaddress":1000,"methodList":["subscribeMktSkLm::com.ruimin.intfin.mkt.service.io.SubscribeMktSkLmIn","preCheckMktSkLm::com.ruimin.intfin.mkt.service.io.PreCheckMktSkLmIn"],"serviceGroup":"mkt","servideName":"com.ruimin.intfin.mkt.service.MktSkLmInfoService","version":"1.0.0"},"acct.TradePasswdService":{"clientTimeout":3000,"maxWaittimeForfsaddress":1000,"methodList":["qryTradePasswdSeted::com.ruimin.intfin.acct.service.tradepasswd.io.QryTradePasswdSetedIn","setTradePasswd::com.ruimin.intfin.acct.service.tradepasswd.io.SetTradePasswdIn","modTradePasswd::com.ruimin.intfin.acct.service.tradepasswd.io.ModTradePasswdIn","chkTradePasswd::com.ruimin.intfin.acct.service.tradepasswd.io.ChkTradePasswdIn"],"serviceGroup":"acct","servideName":"com.ruimin.intfin.acct.service.tradepasswd.TradePasswdService","version":"1.0.0"},"mkt.MktSkActPrdInfoService":{"clientTimeout":3000,"maxWaittimeForfsaddress":1000,"methodList":["queryMktSkActPrdInfoList::com.ruimin.intfin.mkt.service.io.QueryMktSkActPrdInfoListIn","subscribeMktSkActPrd::com.ruimin.intfin.mkt.service.io.SubscribeMktSkActPrdIn","queryMktSkActPrdInfoDetail::com.ruimin.intfin.mkt.service.io.QueryMktSkActPrdInfoDetailIn"],"serviceGroup":"mkt","servideName":"com.ruimin.intfin.mkt.service.MktSkActPrdInfoService","version":"1.0.0"},"txn.QueryLcTransferBidBizLogService":{"clientTimeout":3000,"maxWaittimeForfsaddress":1000,"methodList":["queryLcTransferBidBizLogForseller::com.ruimin.intfin.txn.service.lcquery.io.QueryLcTransferBidBizLogForsellerIn","queryLcTransferBidBizLogForBuyer::com.ruimin.intfin.txn.service.lcquery.io.QueryLcTransferBidBizLogForBuyerIn"],"serviceGroup":"txn","servideName":"com.ruimin.intfin.txn.service.lcquery.QueryLcTransferBidBizLogService","version":"1.0.0"},"user.UserBasicInfoService":{"clientTimeout":3000,"maxWaittimeForfsaddress":1000,"methodList":["queryUserBasicInfo::com.ruimin.intfin.user.service.query.io.QueryUserBasicInfoIn"],"serviceGroup":"user","servideName":"com.ruimin.intfin.user.service.query.UserBasicInfoService","version":"1.0.0"},"prf.PrfQuanDetailsUseService":{"clientTimeout":3000,"maxWaittimeForfsaddress":1000,"methodList":["userUseQuanDetailsRollback::com.ruimin.intfin.prf.service.quan.io.UserUseQuanDetailsRollbackIn","userUseQuanDetails::com.ruimin.intfin.prf.service.quan.io.UserUseQuanDetailsIn"],"serviceGroup":"prf","servideName":"com.ruimin.intfin.prf.service.quan.PrfQuanDetailsUseService","version":"1.0.0"},"acct.JbkService":{"clientTimeout":3000,"maxWaittimeForfsaddress":1000,"methodList":["unbindBankAcct::com.ruimin.intfin.acct.service.jbk.io.UnbindBankAcctIn","bindBankAcct::com.ruimin.intfin.acct.service.jbk.io.BindBankAcctIn","setWithdrawBankAcct::com.ruimin.intfin.acct.service.jbk.io.SetWithdrawBankAcctIn","qryBindBankAcct::com.ruimin.intfin.acct.service.jbk.io.QryBindBankAcctIn","sendSmsVerifyCode::com.ruimin.intfin.acct.service.jbk.io.SendSmsVerifyCodeIn","setPreferBankAcct::com.ruimin.intfin.acct.service.jbk.io.SetPreferBankAcctIn"],"serviceGroup":"acct","servideName":"com.ruimin.intfin.acct.service.jbk.JbkService","version":"1.0.0"},"prf.PrfQuanDetailsGetService":{"clientTimeout":3000,"maxWaittimeForfsaddress":1000,"methodList":["userGetQuanDetails::com.ruimin.intfin.prf.service.quan.io.UserGetQuanDetailsIn"],"serviceGroup":"prf","servideName":"com.ruimin.intfin.prf.service.quan.PrfQuanDetailsGetService","version":"1.0.0"},"prd.LcPrdProductQueryService":{"clientTimeout":3000,"maxWaittimeForfsaddress":1000,"methodList":["queryListForAllProducts::com.ruimin.intfin.prd.service.lcprd.io.QueryListForAllProductsIn"],"serviceGroup":"prd","servideName":"com.ruimin.intfin.prd.service.lcprd.LcPrdProductQueryService","version":"1.0.0"},"acct.CrjService":{"clientTimeout":3000,"maxWaittimeForfsaddress":1000,"methodList":["qryDepositOnlineLimitAmt::com.ruimin.intfin.acct.service.crj.io.QryDepositOnlineLimitAmtIn","qryCrjBizLog::com.ruimin.intfin.acct.service.crj.io.QryCrjBizLogIn","depositOffline::com.ruimin.intfin.acct.service.crj.io.DepositOfflineIn","withdrawOnline::com.ruimin.intfin.acct.service.crj.io.WithdrawOnlineIn","depositOnline::com.ruimin.intfin.acct.service.crj.io.DepositOnlineIn"],"serviceGroup":"acct","servideName":"com.ruimin.intfin.acct.service.crj.CrjService","version":"1.0.0"},"prd.PrdCurrentMarketService":{"clientTimeout":3000,"maxWaittimeForfsaddress":1000,"methodList":["prdQueryCurrentMarket::com.ruimin.intfin.prd.service.product.io.PrdQueryCurrentMarketIn"],"serviceGroup":"prd","servideName":"com.ruimin.intfin.prd.service.product.PrdCurrentMarketService","version":"1.0.0"},"txn.LcTransferDealService":{"clientTimeout":3000,"maxWaittimeForfsaddress":1000,"methodList":["lcTransferDealCommit::com.ruimin.intfin.txn.service.lctransfer.io.LcTransferDealCommitIn"],"serviceGroup":"txn","servideName":"com.ruimin.intfin.txn.service.lctransfer.LcTransferDealService","version":"1.0.0"},"txn.QueryLcTransferDealLogService":{"clientTimeout":3000,"maxWaittimeForfsaddress":1000,"methodList":["queryLcTransferDealLog::com.ruimin.intfin.txn.service.lcquery.io.QueryLcTransferDealLogIn"],"serviceGroup":"txn","servideName":"com.ruimin.intfin.txn.service.lcquery.QueryLcTransferDealLogService","version":"1.0.0"},"prf.PrfQuanQueryService":{"clientTimeout":3000,"maxWaittimeForfsaddress":1000,"methodList":["queryUserCoupons::com.ruimin.intfin.prf.service.quan.io.QueryUserCouponsIn","queryUserRedPackets::com.ruimin.intfin.prf.service.quan.io.QueryUserRedPacketsIn","querQuanPayOfPage::com.ruimin.intfin.prf.service.quan.io.QuerQuanPayOfPageIn","queryUserQuanTotalInfo::com.ruimin.intfin.prf.service.quan.io.QueryUserQuanTotalInfoIn"],"serviceGroup":"prf","servideName":"com.ruimin.intfin.prf.service.quan.PrfQuanQueryService","version":"1.0.0"},"txn.TxnLcSubscribeCancelService":{"clientTimeout":3000,"maxWaittimeForfsaddress":1000,"methodList":["lcSubScribeCancelCommit::com.ruimin.intfin.txn.service.lcsubscribe.io.LcSubScribeCancelCommitIn","lcSubScribeCancelCheck::com.ruimin.intfin.txn.service.lcsubscribe.io.LcSubScribeCancelCheckIn"],"serviceGroup":"txn","servideName":"com.ruimin.intfin.txn.service.lcsubscribe.TxnLcSubscribeCancelService","version":"1.0.0"},"prd.LcPrdTransferQueryService":{"clientTimeout":3000,"maxWaittimeForfsaddress":1000,"methodList":["queryListForAllTransferProducts::com.ruimin.intfin.prd.service.lcprd.io.QueryListForAllTransferProductsIn"],"serviceGroup":"prd","servideName":"com.ruimin.intfin.prd.service.lcprd.LcPrdTransferQueryService","version":"1.0.0"}}}', '20190529172742', 6);
INSERT INTO config_history (id, config_id, old_value, new_value, create_time, update_by) VALUES (7, 155, '', '{"routeMap":{"250006":"mkt.MktSkLmInfoService::subscribeMktSkLm","250005":"mkt.MktSkLmInfoService::preCheckMktSkLm","200001":"txn.TxnLcSubscribeService::lcSubScribeCheckStep1","250002":"mkt.MktSkActPrdInfoService::queryMktSkActPrdInfoList","250001":"mkt.MktSkActInfoService::queryMktSkActInfoList","250004":"mkt.MktSkActPrdInfoService::subscribeMktSkActPrd","250003":"mkt.MktSkActPrdInfoService::queryMktSkActPrdInfoDetail","600003":"acct.JbkService::unbindBankAcct","600002":"acct.JbkService::bindBankAcct","600005":"acct.JbkService::setWithdrawBankAcct","600004":"acct.JbkService::qryBindBankAcct","600001":"acct.JbkService::sendSmsVerifyCode","300002":"prd.PrdQueryProductService::PrdQueryProductDetailForTrade","600012":"acct.EacctMngService::setPreferEacct","300001":"prd.PrdQueryProductService::prdQueryProductListForTrade","600011":"acct.CrjService::qryDepositOnlineLimitAmt","600010":"acct.CrjService::qryCrjBizLog","600016":"acct.TradePasswdService::qryTradePasswdSeted","600015":"acct.EacctQryService::qryEacctTxnLog","600014":"acct.EacctQryService::qryEacctList","600013":"acct.EacctQryService::qryEacct","700009":"user.UserRiskAssessmentService::queryRiskAssessmentQuestions","700008":"user.UserSecQuestionService::queryUserSecQuestionOfVerify","700007":"user.UserSecQuestionService::vertifyUserSecQuestion","700010":"user.UserRiskAssessmentService::submitRiskAssessmentQuestions","600008":"acct.CrjService::depositOffline","200016":"txn.QueryLcTransferBidBizLogService::queryLcTransferBidBizLogForseller","600009":"acct.CrjService::withdrawOnline","200015":"txn.QueryLcTransferProductService::queryLcTransferProductListForSeller","600006":"acct.JbkService::setPreferBankAcct","200014":"txn.QueryLcTransferDealLogService::queryLcTransferDealLog","600007":"acct.CrjService::depositOnline","200013":"txn.QueryLcSubscribeService::queryLcSubscribeList","200019":"txn.QueryLcTransferService::queryLcTransferDetail","200018":"txn.QueryLcTransferService::queryLcTransferListForSeller","200017":"txn.QueryLcTransferBidBizLogService::queryLcTransferBidBizLogForBuyer","600021":"acct.ZybService::qryZybTxnLog","350003":"prf.PrfQuanQueryService::queryUserCoupons","600020":"acct.ZybService::qryZyb","350002":"prf.PrfQuanQueryService::queryUserRedPackets","350005":"prf.PrfQuanDetailsGetService::userGetQuanDetails","350004":"prf.PrfQuanQueryService::querQuanPayOfPage","200010":"txn.LcTransferApplyService::lcTransferApplyCancel","200011":"txn.QueryLcTransferProductService::queryLcTransferProductListForBuyer","350001":"prf.PrfQuanQueryService::queryUserQuanTotalInfo","200012":"txn.LcTransferDealService::lcTransferDealCommit","350007":"prf.PrfQuanDetailsUseService::userUseQuanDetailsRollback","350006":"prf.PrfQuanDetailsUseService::userUseQuanDetails","700004":"user.UserSecQuestionService::queryUserSecQuestionLib","700005":"user.UserSecQuestionService::setUserSecQuestion","700006":"user.UserSecQuestionService::queryUserSecQuestion","700001":"user.UserBasicInfoService::queryUserBasicInfo","700002":"user.UserRegisterService::userAutoRegister","200003":"txn.TxnLcSubscribeService::lcPrdGetExpectProfit","300007":"prd.PrdQueryPositionService ::prdQueryHistoryPositionDetail","600017":"acct.TradePasswdService::setTradePasswd","200002":"txn.TxnLcSubscribeService::lcSubScribeCheckStep2","300008":"prd.LcPrdProductQueryService::queryListForAllProducts","600018":"acct.TradePasswdService::modTradePasswd","300009":"prd.LcPrdTransferQueryService::queryListForAllTransferProducts","200005":"txn.TxnLcSubscribeService::lcSubScribeCommit","600019":"acct.TradePasswdService::chkTradePasswd","200004":"txn.TxnLcSubscribeService::lcSubScribePayInit","300003":"prd.PrdQueryPositionService ::prdQueryTotalPosition","200007":"txn.TxnLcSubscribeCancelService::lcSubScribeCancelCommit","300004":"prd.PrdQueryPositionService ::prdQueryCurrentPositionList","200006":"txn.TxnLcSubscribeCancelService::lcSubScribeCancelCheck","300005":"prd.PrdQueryPositionService ::prdQueryHistoryPositionList","200009":"txn.LcTransferApplyService::lcTransferApplyCommit","300006":"prd.PrdCurrentMarketService::prdQueryCurrentMarket","200008":"txn.LcTransferApplyService::lcTransferApplyCheck"}}', '20190529172751', 6);
INSERT INTO config_history (id, config_id, old_value, new_value, create_time, update_by) VALUES (8, 156, '', '{
	"listType": "0",
	"ipBlackWhiteSetList": {
		"PAY": {
			"blackList": [
				"192.168.0.1"
			],
			"whiteList": [
                               "10.2.36.162",
				"192.168.0.1"
			]
		}
	}
}
', '20190530113503', 6);
INSERT INTO config_history (id, config_id, old_value, new_value, create_time, update_by) VALUES (9, 157, '', 'false', '20190530140655', 6);
INSERT INTO config_history (id, config_id, old_value, new_value, create_time, update_by) VALUES (10, 155, '{"routeMap":{"250006":"mkt.MktSkLmInfoService::subscribeMktSkLm","250005":"mkt.MktSkLmInfoService::preCheckMktSkLm","200001":"txn.TxnLcSubscribeService::lcSubScribeCheckStep1","250002":"mkt.MktSkActPrdInfoService::queryMktSkActPrdInfoList","250001":"mkt.MktSkActInfoService::queryMktSkActInfoList","250004":"mkt.MktSkActPrdInfoService::subscribeMktSkActPrd","250003":"mkt.MktSkActPrdInfoService::queryMktSkActPrdInfoDetail","600003":"acct.JbkService::unbindBankAcct","600002":"acct.JbkService::bindBankAcct","600005":"acct.JbkService::setWithdrawBankAcct","600004":"acct.JbkService::qryBindBankAcct","600001":"acct.JbkService::sendSmsVerifyCode","300002":"prd.PrdQueryProductService::PrdQueryProductDetailForTrade","600012":"acct.EacctMngService::setPreferEacct","300001":"prd.PrdQueryProductService::prdQueryProductListForTrade","600011":"acct.CrjService::qryDepositOnlineLimitAmt","600010":"acct.CrjService::qryCrjBizLog","600016":"acct.TradePasswdService::qryTradePasswdSeted","600015":"acct.EacctQryService::qryEacctTxnLog","600014":"acct.EacctQryService::qryEacctList","600013":"acct.EacctQryService::qryEacct","700009":"user.UserRiskAssessmentService::queryRiskAssessmentQuestions","700008":"user.UserSecQuestionService::queryUserSecQuestionOfVerify","700007":"user.UserSecQuestionService::vertifyUserSecQuestion","700010":"user.UserRiskAssessmentService::submitRiskAssessmentQuestions","600008":"acct.CrjService::depositOffline","200016":"txn.QueryLcTransferBidBizLogService::queryLcTransferBidBizLogForseller","600009":"acct.CrjService::withdrawOnline","200015":"txn.QueryLcTransferProductService::queryLcTransferProductListForSeller","600006":"acct.JbkService::setPreferBankAcct","200014":"txn.QueryLcTransferDealLogService::queryLcTransferDealLog","600007":"acct.CrjService::depositOnline","200013":"txn.QueryLcSubscribeService::queryLcSubscribeList","200019":"txn.QueryLcTransferService::queryLcTransferDetail","200018":"txn.QueryLcTransferService::queryLcTransferListForSeller","200017":"txn.QueryLcTransferBidBizLogService::queryLcTransferBidBizLogForBuyer","600021":"acct.ZybService::qryZybTxnLog","350003":"prf.PrfQuanQueryService::queryUserCoupons","600020":"acct.ZybService::qryZyb","350002":"prf.PrfQuanQueryService::queryUserRedPackets","350005":"prf.PrfQuanDetailsGetService::userGetQuanDetails","350004":"prf.PrfQuanQueryService::querQuanPayOfPage","200010":"txn.LcTransferApplyService::lcTransferApplyCancel","200011":"txn.QueryLcTransferProductService::queryLcTransferProductListForBuyer","350001":"prf.PrfQuanQueryService::queryUserQuanTotalInfo","200012":"txn.LcTransferDealService::lcTransferDealCommit","350007":"prf.PrfQuanDetailsUseService::userUseQuanDetailsRollback","350006":"prf.PrfQuanDetailsUseService::userUseQuanDetails","700004":"user.UserSecQuestionService::queryUserSecQuestionLib","700005":"user.UserSecQuestionService::setUserSecQuestion","700006":"user.UserSecQuestionService::queryUserSecQuestion","700001":"user.UserBasicInfoService::queryUserBasicInfo","700002":"user.UserRegisterService::userAutoRegister","200003":"txn.TxnLcSubscribeService::lcPrdGetExpectProfit","300007":"prd.PrdQueryPositionService ::prdQueryHistoryPositionDetail","600017":"acct.TradePasswdService::setTradePasswd","200002":"txn.TxnLcSubscribeService::lcSubScribeCheckStep2","300008":"prd.LcPrdProductQueryService::queryListForAllProducts","600018":"acct.TradePasswdService::modTradePasswd","300009":"prd.LcPrdTransferQueryService::queryListForAllTransferProducts","200005":"txn.TxnLcSubscribeService::lcSubScribeCommit","600019":"acct.TradePasswdService::chkTradePasswd","200004":"txn.TxnLcSubscribeService::lcSubScribePayInit","300003":"prd.PrdQueryPositionService ::prdQueryTotalPosition","200007":"txn.TxnLcSubscribeCancelService::lcSubScribeCancelCommit","300004":"prd.PrdQueryPositionService ::prdQueryCurrentPositionList","200006":"txn.TxnLcSubscribeCancelService::lcSubScribeCancelCheck","300005":"prd.PrdQueryPositionService ::prdQueryHistoryPositionList","200009":"txn.LcTransferApplyService::lcTransferApplyCommit","300006":"prd.PrdCurrentMarketService::prdQueryCurrentMarket","200008":"txn.LcTransferApplyService::lcTransferApplyCheck"}}', '{
  "routeMap": {
    "250006": "mkt.MktSkLmInfoService::subscribeMktSkLm",
    "250005": "mkt.MktSkLmInfoService::preCheckMktSkLm",
    "200001": "txn.TxnLcSubscribeService::lcSubScribeCheckStep1",
    "250002": "mkt.MktSkActPrdInfoService::queryMktSkActPrdInfoList",
    "250001": "mkt.MktSkActInfoService::queryMktSkActInfoList",
    "250004": "mkt.MktSkActPrdInfoService::subscribeMktSkActPrd",
    "250003": "mkt.MktSkActPrdInfoService::queryMktSkActPrdInfoDetail",
    "600003": "acct.JbkService::unbindBankAcct",
    "600002": "acct.JbkService::bindBankAcct",
    "600005": "acct.JbkService::setWithdrawBankAcct",
    "600004": "acct.JbkService::qryBindBankAcct",
    "600001": "acct.JbkService::sendSmsVerifyCode",
    "300002": "prd.PrdQueryProductService::PrdQueryProductDetailForTrade",
    "600012": "acct.EacctMngService::setPreferEacct",
    "300001": "prd.PrdQueryProductService::prdQueryProductListForTrade",
    "600011": "acct.CrjService::qryDepositOnlineLimitAmt",
    "600010": "acct.CrjService::qryCrjBizLog",
    "600016": "acct.TradePasswdService::qryTradePasswdSeted",
    "600015": "acct.EacctQryService::qryEacctTxnLog",
    "600014": "acct.EacctQryService::qryEacctList",
    "600013": "acct.EacctQryService::qryEacct",
    "700009": "user.UserRiskAssessmentService::queryRiskAssessmentQuestions",
    "700008": "user.UserSecQuestionService::queryUserSecQuestionOfVerify",
    "700007": "user.UserSecQuestionService::vertifyUserSecQuestion",
    "700010": "user.UserRiskAssessmentService::submitRiskAssessmentQuestions",
    "600008": "acct.CrjService::depositOffline",
    "200016": "txn.QueryLcTransferBidBizLogService::queryLcTransferBidBizLogForseller",
    "600009": "acct.CrjService::withdrawOnline",
    "200015": "txn.QueryLcTransferProductService::queryLcTransferProductListForSeller",
    "600006": "acct.JbkService::setPreferBankAcct",
    "200014": "txn.QueryLcTransferDealLogService::queryLcTransferDealLog",
    "600007": "acct.CrjService::depositOnline",
    "200013": "txn.QueryLcSubscribeService::queryLcSubscribeList",
    "200019": "txn.QueryLcTransferService::queryLcTransferDetail",
    "200018": "txn.QueryLcTransferService::queryLcTransferListForSeller",
    "200017": "txn.QueryLcTransferBidBizLogService::queryLcTransferBidBizLogForBuyer",
    "600021": "acct.ZybService::qryZybTxnLog",
    "350003": "prf.PrfQuanQueryService::queryUserCoupons",
    "600020": "acct.ZybService::qryZyb",
    "350002": "prf.PrfQuanQueryService::queryUserRedPackets",
    "350005": "prf.PrfQuanDetailsGetService::userGetQuanDetails",
    "350004": "prf.PrfQuanQueryService::querQuanPayOfPage",
    "200010": "txn.LcTransferApplyService::lcTransferApplyCancel",
    "200011": "txn.QueryLcTransferProductService::queryLcTransferProductListForBuyer",
    "350001": "prf.PrfQuanQueryService::queryUserQuanTotalInfo",
    "200012": "txn.LcTransferDealService::lcTransferDealCommit",
    "350007": "prf.PrfQuanDetailsUseService::userUseQuanDetailsRollback",
    "350006": "prf.PrfQuanDetailsUseService::userUseQuanDetails",
    "700004": "user.UserSecQuestionService::queryUserSecQuestionLib",
    "700005": "user.UserSecQuestionService::setUserSecQuestion",
    "700006": "user.UserSecQuestionService::queryUserSecQuestion",
    "700001": "user.UserBasicInfoService::queryUserBasicInfo",
    "700002": "user.UserRegisterService::userAutoRegister",
    "200003": "txn.TxnLcSubscribeService::lcPrdGetExpectProfit",
    "300007": "prd.PrdQueryPositionService ::prdQueryHistoryPositionDetail",
    "600017": "acct.TradePasswdService::setTradePasswd",
    "200002": "txn.TxnLcSubscribeService::lcSubScribeCheckStep2",
    "300008": "prd.LcPrdProductQueryService::queryListForAllProducts",
    "600018": "acct.TradePasswdService::modTradePasswd",
    "300009": "prd.LcPrdTransferQueryService::queryListForAllTransferProducts",
    "200005": "txn.TxnLcSubscribeService::lcSubScribeCommit",
    "600019": "acct.TradePasswdService::chkTradePasswd",
    "200004": "txn.TxnLcSubscribeService::lcSubScribePayInit",
    "300003": "prd.PrdQueryPositionService ::prdQueryTotalPosition",
    "200007": "txn.TxnLcSubscribeCancelService::lcSubScribeCancelCommit",
    "300004": "prd.PrdQueryPositionService ::prdQueryCurrentPositionList",
    "200006": "txn.TxnLcSubscribeCancelService::lcSubScribeCancelCheck",
    "300005": "prd.PrdQueryPositionService ::prdQueryHistoryPositionList",
    "200009": "txn.LcTransferApplyService::lcTransferApplyCommit",
    "300006": "prd.PrdCurrentMarketService::prdQueryCurrentMarket",
    "200008": "txn.LcTransferApplyService::lcTransferApplyCheck"
  }
}', '20190530145153', 6);
INSERT INTO config_history (id, config_id, old_value, new_value, create_time, update_by) VALUES (11, 155, '{
  "routeMap": {
    "250006": "mkt.MktSkLmInfoService::subscribeMktSkLm",
    "250005": "mkt.MktSkLmInfoService::preCheckMktSkLm",
    "200001": "txn.TxnLcSubscribeService::lcSubScribeCheckStep1",
    "250002": "mkt.MktSkActPrdInfoService::queryMktSkActPrdInfoList",
    "250001": "mkt.MktSkActInfoService::queryMktSkActInfoList",
    "250004": "mkt.MktSkActPrdInfoService::subscribeMktSkActPrd",
    "250003": "mkt.MktSkActPrdInfoService::queryMktSkActPrdInfoDetail",
    "600003": "acct.JbkService::unbindBankAcct",
    "600002": "acct.JbkService::bindBankAcct",
    "600005": "acct.JbkService::setWithdrawBankAcct",
    "600004": "acct.JbkService::qryBindBankAcct",
    "600001": "acct.JbkService::sendSmsVerifyCode",
    "300002": "prd.PrdQueryProductService::PrdQueryProductDetailForTrade",
    "600012": "acct.EacctMngService::setPreferEacct",
    "300001": "prd.PrdQueryProductService::prdQueryProductListForTrade",
    "600011": "acct.CrjService::qryDepositOnlineLimitAmt",
    "600010": "acct.CrjService::qryCrjBizLog",
    "600016": "acct.TradePasswdService::qryTradePasswdSeted",
    "600015": "acct.EacctQryService::qryEacctTxnLog",
    "600014": "acct.EacctQryService::qryEacctList",
    "600013": "acct.EacctQryService::qryEacct",
    "700009": "user.UserRiskAssessmentService::queryRiskAssessmentQuestions",
    "700008": "user.UserSecQuestionService::queryUserSecQuestionOfVerify",
    "700007": "user.UserSecQuestionService::vertifyUserSecQuestion",
    "700010": "user.UserRiskAssessmentService::submitRiskAssessmentQuestions",
    "600008": "acct.CrjService::depositOffline",
    "200016": "txn.QueryLcTransferBidBizLogService::queryLcTransferBidBizLogForseller",
    "600009": "acct.CrjService::withdrawOnline",
    "200015": "txn.QueryLcTransferProductService::queryLcTransferProductListForSeller",
    "600006": "acct.JbkService::setPreferBankAcct",
    "200014": "txn.QueryLcTransferDealLogService::queryLcTransferDealLog",
    "600007": "acct.CrjService::depositOnline",
    "200013": "txn.QueryLcSubscribeService::queryLcSubscribeList",
    "200019": "txn.QueryLcTransferService::queryLcTransferDetail",
    "200018": "txn.QueryLcTransferService::queryLcTransferListForSeller",
    "200017": "txn.QueryLcTransferBidBizLogService::queryLcTransferBidBizLogForBuyer",
    "600021": "acct.ZybService::qryZybTxnLog",
    "350003": "prf.PrfQuanQueryService::queryUserCoupons",
    "600020": "acct.ZybService::qryZyb",
    "350002": "prf.PrfQuanQueryService::queryUserRedPackets",
    "350005": "prf.PrfQuanDetailsGetService::userGetQuanDetails",
    "350004": "prf.PrfQuanQueryService::querQuanPayOfPage",
    "200010": "txn.LcTransferApplyService::lcTransferApplyCancel",
    "200011": "txn.QueryLcTransferProductService::queryLcTransferProductListForBuyer",
    "350001": "prf.PrfQuanQueryService::queryUserQuanTotalInfo",
    "200012": "txn.LcTransferDealService::lcTransferDealCommit",
    "350007": "prf.PrfQuanDetailsUseService::userUseQuanDetailsRollback",
    "350006": "prf.PrfQuanDetailsUseService::userUseQuanDetails",
    "700004": "user.UserSecQuestionService::queryUserSecQuestionLib",
    "700005": "user.UserSecQuestionService::setUserSecQuestion",
    "700006": "user.UserSecQuestionService::queryUserSecQuestion",
    "700001": "user.UserBasicInfoService::queryUserBasicInfo",
    "700002": "user.UserRegisterService::userAutoRegister",
    "200003": "txn.TxnLcSubscribeService::lcPrdGetExpectProfit",
    "300007": "prd.PrdQueryPositionService ::prdQueryHistoryPositionDetail",
    "600017": "acct.TradePasswdService::setTradePasswd",
    "200002": "txn.TxnLcSubscribeService::lcSubScribeCheckStep2",
    "300008": "prd.LcPrdProductQueryService::queryListForAllProducts",
    "600018": "acct.TradePasswdService::modTradePasswd",
    "300009": "prd.LcPrdTransferQueryService::queryListForAllTransferProducts",
    "200005": "txn.TxnLcSubscribeService::lcSubScribeCommit",
    "600019": "acct.TradePasswdService::chkTradePasswd",
    "200004": "txn.TxnLcSubscribeService::lcSubScribePayInit",
    "300003": "prd.PrdQueryPositionService ::prdQueryTotalPosition",
    "200007": "txn.TxnLcSubscribeCancelService::lcSubScribeCancelCommit",
    "300004": "prd.PrdQueryPositionService ::prdQueryCurrentPositionList",
    "200006": "txn.TxnLcSubscribeCancelService::lcSubScribeCancelCheck",
    "300005": "prd.PrdQueryPositionService ::prdQueryHistoryPositionList",
    "200009": "txn.LcTransferApplyService::lcTransferApplyCommit",
    "300006": "prd.PrdCurrentMarketService::prdQueryCurrentMarket",
    "200008": "txn.LcTransferApplyService::lcTransferApplyCheck"
  }
}', '{
  "routeMap": {
    "250006": "mkt.MktSkLmInfoService::subscribeMktSkLm",
    "250005": "mkt.MktSkLmInfoService::preCheckMktSkLm",
    "200001": "txn.TxnLcSubscribeService::lcSubScribeCheckStep1",
    "250002": "mkt.MktSkActPrdInfoService::queryMktSkActPrdInfoList",
    "250001": "mkt.MktSkActInfoService::queryMktSkActInfoList",
    "250004": "mkt.MktSkActPrdInfoService::subscribeMktSkActPrd",
    "250003": "mkt.MktSkActPrdInfoService::queryMktSkActPrdInfoDetail",
    "600003": "acct.JbkService::unbindBankAcct",
    "600002": "acct.JbkService::bindBankAcct",
    "600005": "acct.JbkService::setWithdrawBankAcct",
    "600004": "acct.JbkService::qryBindBankAcct",
    "600001": "acct.JbkService::sendSmsVerifyCode",
    "300002": "prd.PrdQueryProductService::PrdQueryProductDetailForTrade",
    "600012": "acct.EacctMngService::setPreferEacct",
    "300001": "prd.PrdQueryProductService::prdQueryProductListForTrade",
    "600011": "acct.CrjService::qryDepositOnlineLimitAmt",
    "600010": "acct.CrjService::qryCrjBizLog",
    "600016": "acct.TradePasswdService::qryTradePasswdSeted",
    "600015": "acct.EacctQryService::qryEacctTxnLog",
    "600014": "acct.EacctQryService::qryEacctList",
    "600013": "acct.EacctQryService::qryEacct",
    "700009": "user.UserRiskAssessmentService::queryRiskAssessmentQuestions",
    "700008": "user.UserSecQuestionService::queryUserSecQuestionOfVerify",
    "700007": "user.UserSecQuestionService::vertifyUserSecQuestion",
    "700010": "user.UserRiskAssessmentService::submitRiskAssessmentQuestions",
    "600008": "acct.CrjService::depositOffline",
    "200016": "txn.QueryLcTransferBidBizLogService::queryLcTransferBidBizLogForseller",
    "600009": "acct.CrjService::withdrawOnline",
    "200015": "txn.QueryLcTransferProductService::queryLcTransferProductListForSeller",
    "600006": "acct.JbkService::setPreferBankAcct",
    "200014": "txn.QueryLcTransferDealLogService::queryLcTransferDealLog",
    "600007": "acct.CrjService::depositOnline",
    "200013": "txn.QueryLcSubscribeService::queryLcSubscribeList",
    "200019": "txn.QueryLcTransferService::queryLcTransferDetail",
    "200018": "txn.QueryLcTransferService::queryLcTransferListForSeller",
    "200017": "txn.QueryLcTransferBidBizLogService::queryLcTransferBidBizLogForBuyer",
    "600021": "acct.ZybService::qryZybTxnLog",
    "350003": "prf.PrfQuanQueryService::queryUserCoupons",
    "600020": "acct.ZybService::qryZyb",
    "350002": "prf.PrfQuanQueryService::queryUserRedPackets",
    "350005": "prf.PrfQuanDetailsGetService::userGetQuanDetails",
    "350004": "prf.PrfQuanQueryService::querQuanPayOfPage",
    "200010": "txn.LcTransferApplyService::lcTransferApplyCancel",
    "200011": "txn.QueryLcTransferProductService::queryLcTransferProductListForBuyer",
    "350001": "prf.PrfQuanQueryService::queryUserQuanTotalInfo",
    "200012": "txn.LcTransferDealService::lcTransferDealCommit",
    "350007": "prf.PrfQuanDetailsUseService::userUseQuanDetailsRollback",
    "350006": "prf.PrfQuanDetailsUseService::userUseQuanDetails",
    "700004": "user.UserSecQuestionService::queryUserSecQuestionLib",
    "700005": "user.UserSecQuestionService::setUserSecQuestion",
    "700006": "user.UserSecQuestionService::queryUserSecQuestion",
    "700001": "user.UserBasicInfoService::queryUserBasicInfo",
    "700002": "user.UserRegisterService::userAutoRegister",
    "200003": "txn.TxnLcSubscribeService::lcPrdGetExpectProfit",
    "300007": "prd.PrdQueryPositionService ::prdQueryHistoryPositionDetail",
    "600017": "acct.TradePasswdService::setTradePasswd",
    "200002": "txn.TxnLcSubscribeService::lcSubScribeCheckStep2",
    "300008": "prd.LcPrdProductQueryService::queryListForAllProducts",
    "600018": "acct.TradePasswdService::modTradePasswd",
    "300009": "prd.LcPrdTransferQueryService::queryListForAllTransferProducts",
    "200005": "txn.TxnLcSubscribeService::lcSubScribeCommit",
    "600019": "acct.TradePasswdService::chkTradePasswd",
    "200004": "txn.TxnLcSubscribeService::lcSubScribePayInit",
    "300003": "prd.PrdQueryPositionService ::prdQueryTotalPosition",
    "200007": "txn.TxnLcSubscribeCancelService::lcSubScribeCancelCommit",
    "300004": "prd.PrdQueryPositionService ::prdQueryCurrentPositionList",
    "200006": "txn.TxnLcSubscribeCancelService::lcSubScribeCancelCheck",
    "300005": "prd.PrdQueryPositionService ::prdQueryHistoryPositionList",
    "200009": "txn.LcTransferApplyService::lcTransferApplyCommit",
    "300006": "prd.PrdCurrentMarketService::prdQueryCurrentMarket",
    "200008": "txn.LcTransferApplyService::lcTransferApplyCheck"
  }
}', '20190530145156', 6);
INSERT INTO config_history (id, config_id, old_value, new_value, create_time, update_by) VALUES (12, 155, '{
  "routeMap": {
    "250006": "mkt.MktSkLmInfoService::subscribeMktSkLm",
    "250005": "mkt.MktSkLmInfoService::preCheckMktSkLm",
    "200001": "txn.TxnLcSubscribeService::lcSubScribeCheckStep1",
    "250002": "mkt.MktSkActPrdInfoService::queryMktSkActPrdInfoList",
    "250001": "mkt.MktSkActInfoService::queryMktSkActInfoList",
    "250004": "mkt.MktSkActPrdInfoService::subscribeMktSkActPrd",
    "250003": "mkt.MktSkActPrdInfoService::queryMktSkActPrdInfoDetail",
    "600003": "acct.JbkService::unbindBankAcct",
    "600002": "acct.JbkService::bindBankAcct",
    "600005": "acct.JbkService::setWithdrawBankAcct",
    "600004": "acct.JbkService::qryBindBankAcct",
    "600001": "acct.JbkService::sendSmsVerifyCode",
    "300002": "prd.PrdQueryProductService::PrdQueryProductDetailForTrade",
    "600012": "acct.EacctMngService::setPreferEacct",
    "300001": "prd.PrdQueryProductService::prdQueryProductListForTrade",
    "600011": "acct.CrjService::qryDepositOnlineLimitAmt",
    "600010": "acct.CrjService::qryCrjBizLog",
    "600016": "acct.TradePasswdService::qryTradePasswdSeted",
    "600015": "acct.EacctQryService::qryEacctTxnLog",
    "600014": "acct.EacctQryService::qryEacctList",
    "600013": "acct.EacctQryService::qryEacct",
    "700009": "user.UserRiskAssessmentService::queryRiskAssessmentQuestions",
    "700008": "user.UserSecQuestionService::queryUserSecQuestionOfVerify",
    "700007": "user.UserSecQuestionService::vertifyUserSecQuestion",
    "700010": "user.UserRiskAssessmentService::submitRiskAssessmentQuestions",
    "600008": "acct.CrjService::depositOffline",
    "200016": "txn.QueryLcTransferBidBizLogService::queryLcTransferBidBizLogForseller",
    "600009": "acct.CrjService::withdrawOnline",
    "200015": "txn.QueryLcTransferProductService::queryLcTransferProductListForSeller",
    "600006": "acct.JbkService::setPreferBankAcct",
    "200014": "txn.QueryLcTransferDealLogService::queryLcTransferDealLog",
    "600007": "acct.CrjService::depositOnline",
    "200013": "txn.QueryLcSubscribeService::queryLcSubscribeList",
    "200019": "txn.QueryLcTransferService::queryLcTransferDetail",
    "200018": "txn.QueryLcTransferService::queryLcTransferListForSeller",
    "200017": "txn.QueryLcTransferBidBizLogService::queryLcTransferBidBizLogForBuyer",
    "600021": "acct.ZybService::qryZybTxnLog",
    "350003": "prf.PrfQuanQueryService::queryUserCoupons",
    "600020": "acct.ZybService::qryZyb",
    "350002": "prf.PrfQuanQueryService::queryUserRedPackets",
    "350005": "prf.PrfQuanDetailsGetService::userGetQuanDetails",
    "350004": "prf.PrfQuanQueryService::querQuanPayOfPage",
    "200010": "txn.LcTransferApplyService::lcTransferApplyCancel",
    "200011": "txn.QueryLcTransferProductService::queryLcTransferProductListForBuyer",
    "350001": "prf.PrfQuanQueryService::queryUserQuanTotalInfo",
    "200012": "txn.LcTransferDealService::lcTransferDealCommit",
    "350007": "prf.PrfQuanDetailsUseService::userUseQuanDetailsRollback",
    "350006": "prf.PrfQuanDetailsUseService::userUseQuanDetails",
    "700004": "user.UserSecQuestionService::queryUserSecQuestionLib",
    "700005": "user.UserSecQuestionService::setUserSecQuestion",
    "700006": "user.UserSecQuestionService::queryUserSecQuestion",
    "700001": "user.UserBasicInfoService::queryUserBasicInfo",
    "700002": "user.UserRegisterService::userAutoRegister",
    "200003": "txn.TxnLcSubscribeService::lcPrdGetExpectProfit",
    "300007": "prd.PrdQueryPositionService ::prdQueryHistoryPositionDetail",
    "600017": "acct.TradePasswdService::setTradePasswd",
    "200002": "txn.TxnLcSubscribeService::lcSubScribeCheckStep2",
    "300008": "prd.LcPrdProductQueryService::queryListForAllProducts",
    "600018": "acct.TradePasswdService::modTradePasswd",
    "300009": "prd.LcPrdTransferQueryService::queryListForAllTransferProducts",
    "200005": "txn.TxnLcSubscribeService::lcSubScribeCommit",
    "600019": "acct.TradePasswdService::chkTradePasswd",
    "200004": "txn.TxnLcSubscribeService::lcSubScribePayInit",
    "300003": "prd.PrdQueryPositionService ::prdQueryTotalPosition",
    "200007": "txn.TxnLcSubscribeCancelService::lcSubScribeCancelCommit",
    "300004": "prd.PrdQueryPositionService ::prdQueryCurrentPositionList",
    "200006": "txn.TxnLcSubscribeCancelService::lcSubScribeCancelCheck",
    "300005": "prd.PrdQueryPositionService ::prdQueryHistoryPositionList",
    "200009": "txn.LcTransferApplyService::lcTransferApplyCommit",
    "300006": "prd.PrdCurrentMarketService::prdQueryCurrentMarket",
    "200008": "txn.LcTransferApplyService::lcTransferApplyCheck"
  }
}', '{
  "routeMap": {
    "250006": "user.cUserInfoConsumer::queryUserInfo",
    "250005": "mkt.MktSkLmInfoService::preCheckMktSkLm",
    "200001": "txn.TxnLcSubscribeService::lcSubScribeCheckStep1",
    "250002": "mkt.MktSkActPrdInfoService::queryMktSkActPrdInfoList",
    "250001": "mkt.MktSkActInfoService::queryMktSkActInfoList",
    "250004": "mkt.MktSkActPrdInfoService::subscribeMktSkActPrd",
    "250003": "mkt.MktSkActPrdInfoService::queryMktSkActPrdInfoDetail",
    "600003": "acct.JbkService::unbindBankAcct",
    "600002": "acct.JbkService::bindBankAcct",
    "600005": "acct.JbkService::setWithdrawBankAcct",
    "600004": "acct.JbkService::qryBindBankAcct",
    "600001": "acct.JbkService::sendSmsVerifyCode",
    "300002": "prd.PrdQueryProductService::PrdQueryProductDetailForTrade",
    "600012": "acct.EacctMngService::setPreferEacct",
    "300001": "prd.PrdQueryProductService::prdQueryProductListForTrade",
    "600011": "acct.CrjService::qryDepositOnlineLimitAmt",
    "600010": "acct.CrjService::qryCrjBizLog",
    "600016": "acct.TradePasswdService::qryTradePasswdSeted",
    "600015": "acct.EacctQryService::qryEacctTxnLog",
    "600014": "acct.EacctQryService::qryEacctList",
    "600013": "acct.EacctQryService::qryEacct",
    "700009": "user.UserRiskAssessmentService::queryRiskAssessmentQuestions",
    "700008": "user.UserSecQuestionService::queryUserSecQuestionOfVerify",
    "700007": "user.UserSecQuestionService::vertifyUserSecQuestion",
    "700010": "user.UserRiskAssessmentService::submitRiskAssessmentQuestions",
    "600008": "acct.CrjService::depositOffline",
    "200016": "txn.QueryLcTransferBidBizLogService::queryLcTransferBidBizLogForseller",
    "600009": "acct.CrjService::withdrawOnline",
    "200015": "txn.QueryLcTransferProductService::queryLcTransferProductListForSeller",
    "600006": "acct.JbkService::setPreferBankAcct",
    "200014": "txn.QueryLcTransferDealLogService::queryLcTransferDealLog",
    "600007": "acct.CrjService::depositOnline",
    "200013": "txn.QueryLcSubscribeService::queryLcSubscribeList",
    "200019": "txn.QueryLcTransferService::queryLcTransferDetail",
    "200018": "txn.QueryLcTransferService::queryLcTransferListForSeller",
    "200017": "txn.QueryLcTransferBidBizLogService::queryLcTransferBidBizLogForBuyer",
    "600021": "acct.ZybService::qryZybTxnLog",
    "350003": "prf.PrfQuanQueryService::queryUserCoupons",
    "600020": "acct.ZybService::qryZyb",
    "350002": "prf.PrfQuanQueryService::queryUserRedPackets",
    "350005": "prf.PrfQuanDetailsGetService::userGetQuanDetails",
    "350004": "prf.PrfQuanQueryService::querQuanPayOfPage",
    "200010": "txn.LcTransferApplyService::lcTransferApplyCancel",
    "200011": "txn.QueryLcTransferProductService::queryLcTransferProductListForBuyer",
    "350001": "prf.PrfQuanQueryService::queryUserQuanTotalInfo",
    "200012": "txn.LcTransferDealService::lcTransferDealCommit",
    "350007": "prf.PrfQuanDetailsUseService::userUseQuanDetailsRollback",
    "350006": "prf.PrfQuanDetailsUseService::userUseQuanDetails",
    "700004": "user.UserSecQuestionService::queryUserSecQuestionLib",
    "700005": "user.UserSecQuestionService::setUserSecQuestion",
    "700006": "user.UserSecQuestionService::queryUserSecQuestion",
    "700001": "user.UserBasicInfoService::queryUserBasicInfo",
    "700002": "user.UserRegisterService::userAutoRegister",
    "200003": "txn.TxnLcSubscribeService::lcPrdGetExpectProfit",
    "300007": "prd.PrdQueryPositionService ::prdQueryHistoryPositionDetail",
    "600017": "acct.TradePasswdService::setTradePasswd",
    "200002": "txn.TxnLcSubscribeService::lcSubScribeCheckStep2",
    "300008": "prd.LcPrdProductQueryService::queryListForAllProducts",
    "600018": "acct.TradePasswdService::modTradePasswd",
    "300009": "prd.LcPrdTransferQueryService::queryListForAllTransferProducts",
    "200005": "txn.TxnLcSubscribeService::lcSubScribeCommit",
    "600019": "acct.TradePasswdService::chkTradePasswd",
    "200004": "txn.TxnLcSubscribeService::lcSubScribePayInit",
    "300003": "prd.PrdQueryPositionService ::prdQueryTotalPosition",
    "200007": "txn.TxnLcSubscribeCancelService::lcSubScribeCancelCommit",
    "300004": "prd.PrdQueryPositionService ::prdQueryCurrentPositionList",
    "200006": "txn.TxnLcSubscribeCancelService::lcSubScribeCancelCheck",
    "300005": "prd.PrdQueryPositionService ::prdQueryHistoryPositionList",
    "200009": "txn.LcTransferApplyService::lcTransferApplyCommit",
    "300006": "prd.PrdCurrentMarketService::prdQueryCurrentMarket",
    "200008": "txn.LcTransferApplyService::lcTransferApplyCheck"
  }
}', '20190531163556', 6);
INSERT INTO config_history (id, config_id, old_value, new_value, create_time, update_by) VALUES (13, 155, '{
  "routeMap": {
    "250006": "user.cUserInfoConsumer::queryUserInfo",
    "250005": "mkt.MktSkLmInfoService::preCheckMktSkLm",
    "200001": "txn.TxnLcSubscribeService::lcSubScribeCheckStep1",
    "250002": "mkt.MktSkActPrdInfoService::queryMktSkActPrdInfoList",
    "250001": "mkt.MktSkActInfoService::queryMktSkActInfoList",
    "250004": "mkt.MktSkActPrdInfoService::subscribeMktSkActPrd",
    "250003": "mkt.MktSkActPrdInfoService::queryMktSkActPrdInfoDetail",
    "600003": "acct.JbkService::unbindBankAcct",
    "600002": "acct.JbkService::bindBankAcct",
    "600005": "acct.JbkService::setWithdrawBankAcct",
    "600004": "acct.JbkService::qryBindBankAcct",
    "600001": "acct.JbkService::sendSmsVerifyCode",
    "300002": "prd.PrdQueryProductService::PrdQueryProductDetailForTrade",
    "600012": "acct.EacctMngService::setPreferEacct",
    "300001": "prd.PrdQueryProductService::prdQueryProductListForTrade",
    "600011": "acct.CrjService::qryDepositOnlineLimitAmt",
    "600010": "acct.CrjService::qryCrjBizLog",
    "600016": "acct.TradePasswdService::qryTradePasswdSeted",
    "600015": "acct.EacctQryService::qryEacctTxnLog",
    "600014": "acct.EacctQryService::qryEacctList",
    "600013": "acct.EacctQryService::qryEacct",
    "700009": "user.UserRiskAssessmentService::queryRiskAssessmentQuestions",
    "700008": "user.UserSecQuestionService::queryUserSecQuestionOfVerify",
    "700007": "user.UserSecQuestionService::vertifyUserSecQuestion",
    "700010": "user.UserRiskAssessmentService::submitRiskAssessmentQuestions",
    "600008": "acct.CrjService::depositOffline",
    "200016": "txn.QueryLcTransferBidBizLogService::queryLcTransferBidBizLogForseller",
    "600009": "acct.CrjService::withdrawOnline",
    "200015": "txn.QueryLcTransferProductService::queryLcTransferProductListForSeller",
    "600006": "acct.JbkService::setPreferBankAcct",
    "200014": "txn.QueryLcTransferDealLogService::queryLcTransferDealLog",
    "600007": "acct.CrjService::depositOnline",
    "200013": "txn.QueryLcSubscribeService::queryLcSubscribeList",
    "200019": "txn.QueryLcTransferService::queryLcTransferDetail",
    "200018": "txn.QueryLcTransferService::queryLcTransferListForSeller",
    "200017": "txn.QueryLcTransferBidBizLogService::queryLcTransferBidBizLogForBuyer",
    "600021": "acct.ZybService::qryZybTxnLog",
    "350003": "prf.PrfQuanQueryService::queryUserCoupons",
    "600020": "acct.ZybService::qryZyb",
    "350002": "prf.PrfQuanQueryService::queryUserRedPackets",
    "350005": "prf.PrfQuanDetailsGetService::userGetQuanDetails",
    "350004": "prf.PrfQuanQueryService::querQuanPayOfPage",
    "200010": "txn.LcTransferApplyService::lcTransferApplyCancel",
    "200011": "txn.QueryLcTransferProductService::queryLcTransferProductListForBuyer",
    "350001": "prf.PrfQuanQueryService::queryUserQuanTotalInfo",
    "200012": "txn.LcTransferDealService::lcTransferDealCommit",
    "350007": "prf.PrfQuanDetailsUseService::userUseQuanDetailsRollback",
    "350006": "prf.PrfQuanDetailsUseService::userUseQuanDetails",
    "700004": "user.UserSecQuestionService::queryUserSecQuestionLib",
    "700005": "user.UserSecQuestionService::setUserSecQuestion",
    "700006": "user.UserSecQuestionService::queryUserSecQuestion",
    "700001": "user.UserBasicInfoService::queryUserBasicInfo",
    "700002": "user.UserRegisterService::userAutoRegister",
    "200003": "txn.TxnLcSubscribeService::lcPrdGetExpectProfit",
    "300007": "prd.PrdQueryPositionService ::prdQueryHistoryPositionDetail",
    "600017": "acct.TradePasswdService::setTradePasswd",
    "200002": "txn.TxnLcSubscribeService::lcSubScribeCheckStep2",
    "300008": "prd.LcPrdProductQueryService::queryListForAllProducts",
    "600018": "acct.TradePasswdService::modTradePasswd",
    "300009": "prd.LcPrdTransferQueryService::queryListForAllTransferProducts",
    "200005": "txn.TxnLcSubscribeService::lcSubScribeCommit",
    "600019": "acct.TradePasswdService::chkTradePasswd",
    "200004": "txn.TxnLcSubscribeService::lcSubScribePayInit",
    "300003": "prd.PrdQueryPositionService ::prdQueryTotalPosition",
    "200007": "txn.TxnLcSubscribeCancelService::lcSubScribeCancelCommit",
    "300004": "prd.PrdQueryPositionService ::prdQueryCurrentPositionList",
    "200006": "txn.TxnLcSubscribeCancelService::lcSubScribeCancelCheck",
    "300005": "prd.PrdQueryPositionService ::prdQueryHistoryPositionList",
    "200009": "txn.LcTransferApplyService::lcTransferApplyCommit",
    "300006": "prd.PrdCurrentMarketService::prdQueryCurrentMarket",
    "200008": "txn.LcTransferApplyService::lcTransferApplyCheck"
  }
}', '{
  "routeMap": {
    "250006": "user.cUserInfoConsumer::queryUserInfo"
  }
}', '20190531181221', 6);
INSERT INTO config_history (id, config_id, old_value, new_value, create_time, update_by) VALUES (14, 154, '{"serviceMap":{"txn.TxnLcSubscribeService":{"clientTimeout":3000,"maxWaittimeForfsaddress":1000,"methodList":["lcSubScribeCheckStep1::com.ruimin.intfin.txn.service.lcsubscribe.io.LcSubScribeCheckStep1In","lcPrdGetExpectProfit::com.ruimin.intfin.txn.service.lcsubscribe.io.LcPrdGetExpectProfitIn","lcSubScribeCheckStep2::com.ruimin.intfin.txn.service.lcsubscribe.io.LcSubScribeCheckStep2In","lcSubScribeCommit::com.ruimin.intfin.txn.service.lcsubscribe.io.LcSubScribeCommitIn","lcSubScribePayInit::com.ruimin.intfin.txn.service.lcsubscribe.io.LcSubScribePayInitIn"],"serviceGroup":"txn","servideName":"com.ruimin.intfin.txn.service.lcsubscribe.TxnLcSubscribeService","version":"1.0.0"},"user.UserRiskAssessmentService":{"clientTimeout":3000,"maxWaittimeForfsaddress":1000,"methodList":["queryRiskAssessmentQuestions::com.ruimin.intfin.user.service.survey.io.QueryRiskAssessmentQuestionsIn","submitRiskAssessmentQuestions::com.ruimin.intfin.user.service.survey.io.SubmitRiskAssessmentQuestionsIn"],"serviceGroup":"user","servideName":"com.ruimin.intfin.user.service.survey.UserRiskAssessmentService","version":"1.0.0"},"prd.PrdQueryPositionService ":{"clientTimeout":3000,"maxWaittimeForfsaddress":1000,"methodList":["prdQueryHistoryPositionDetail::com.ruimin.intfin.prd.service.product.io.PrdQueryHistoryPositionDetailIn","prdQueryTotalPosition::com.ruimin.intfin.prd.service.product.io.PrdQueryTotalPositionIn","prdQueryCurrentPositionList::com.ruimin.intfin.prd.service.product.io.PrdQueryCurrentPositionListIn","prdQueryHistoryPositionList::com.ruimin.intfin.prd.service.product.io.PrdQueryHistoryPositionListIn"],"serviceGroup":"prd","servideName":"com.ruimin.intfin.prd.service.product.PrdQueryPositionService ","version":"1.0.0"},"txn.QueryLcTransferService":{"clientTimeout":3000,"maxWaittimeForfsaddress":1000,"methodList":["queryLcTransferDetail::com.ruimin.intfin.txn.service.lcquery.io.QueryLcTransferDetailIn","queryLcTransferListForSeller::com.ruimin.intfin.txn.service.lcquery.io.QueryLcTransferListForSellerIn"],"serviceGroup":"txn","servideName":"com.ruimin.intfin.txn.service.lcquery.QueryLcTransferService","version":"1.0.0"},"txn.QueryLcTransferProductService":{"clientTimeout":3000,"maxWaittimeForfsaddress":1000,"methodList":["queryLcTransferProductListForSeller::com.ruimin.intfin.txn.service.lcquery.io.QueryLcTransferProductListForSellerIn","queryLcTransferProductListForBuyer::com.ruimin.intfin.txn.service.lcquery.io.QueryLcTransferProductListForBuyerIn"],"serviceGroup":"txn","servideName":"com.ruimin.intfin.txn.service.lcquery.QueryLcTransferProductService","version":"1.0.0"},"txn.QueryLcSubscribeService":{"clientTimeout":3000,"maxWaittimeForfsaddress":1000,"methodList":["queryLcSubscribeList::com.ruimin.intfin.txn.service.lcquery.io.QueryLcSubscribeListIn"],"serviceGroup":"txn","servideName":"com.ruimin.intfin.txn.service.lcquery.QueryLcSubscribeService","version":"1.0.0"},"prd.PrdQueryProductService":{"clientTimeout":3000,"maxWaittimeForfsaddress":1000,"methodList":["PrdQueryProductDetailForTrade::com.ruimin.intfin.prd.service.product.io.PrdQueryProductDetailForTradeIn","prdQueryProductListForTrade::com.ruimin.intfin.prd.service.product.io.PrdQueryProductListForTradeIn"],"serviceGroup":"prd","servideName":"com.ruimin.intfin.prd.service.product.PrdQueryProductService","version":"1.0.0"},"mkt.MktSkActInfoService":{"clientTimeout":3000,"maxWaittimeForfsaddress":1000,"methodList":["queryMktSkActInfoList::com.ruimin.intfin.mkt.service.io.QueryMktSkActInfoListIn"],"serviceGroup":"mkt","servideName":"com.ruimin.intfin.mkt.service.MktSkActInfoService","version":"1.0.0"},"user.UserRegisterService":{"clientTimeout":3000,"maxWaittimeForfsaddress":1000,"methodList":["userAutoRegister::com.ruimin.intfin.user.service.register.io.UserAutoRegisterIn"],"serviceGroup":"user","servideName":"com.ruimin.intfin.user.service.register.UserRegisterService","version":"1.0.0"},"acct.EacctQryService":{"clientTimeout":3000,"maxWaittimeForfsaddress":1000,"methodList":["qryEacctTxnLog::com.ruimin.intfin.acct.service.eacct.io.QryEacctTxnLogIn","qryEacctList::com.ruimin.intfin.acct.service.eacct.io.QryEacctListIn","qryEacct::com.ruimin.intfin.acct.service.eacct.io.QryEacctIn"],"serviceGroup":"acct","servideName":"com.ruimin.intfin.acct.service.eacct.EacctQryService","version":"1.0.0"},"user.UserSecQuestionService":{"clientTimeout":3000,"maxWaittimeForfsaddress":1000,"methodList":["queryUserSecQuestionOfVerify::com.ruimin.intfin.user.service.sec.io.QueryUserSecQuestionOfVerifyIn","vertifyUserSecQuestion::com.ruimin.intfin.user.service.sec.io.VertifyUserSecQuestionIn","queryUserSecQuestionLib::com.ruimin.intfin.user.service.sec.io.QueryUserSecQuestionLibIn","setUserSecQuestion::com.ruimin.intfin.user.service.sec.io.SetUserSecQuestionIn","queryUserSecQuestion::com.ruimin.intfin.user.service.sec.io.QueryUserSecQuestionIn"],"serviceGroup":"user","servideName":"com.ruimin.intfin.user.service.sec.UserSecQuestionService","version":"1.0.0"},"acct.ZybService":{"clientTimeout":3000,"maxWaittimeForfsaddress":1000,"methodList":["qryZybTxnLog::com.ruimin.intfin.acct.service.zyb.io.QryZybTxnLogIn","qryZyb::com.ruimin.intfin.acct.service.zyb.io.QryZybIn"],"serviceGroup":"acct","servideName":"com.ruimin.intfin.acct.service.zyb.ZybService","version":"1.0.0"},"txn.LcTransferApplyService":{"clientTimeout":3000,"maxWaittimeForfsaddress":1000,"methodList":["lcTransferApplyCancel::com.ruimin.intfin.txn.service.lctransfer.io.LcTransferApplyCancelIn","lcTransferApplyCommit::com.ruimin.intfin.txn.service.lctransfer.io.LcTransferApplyCommitIn","lcTransferApplyCheck::com.ruimin.intfin.txn.service.lctransfer.io.LcTransferApplyCheckIn"],"serviceGroup":"txn","servideName":"com.ruimin.intfin.txn.service.lctransfer.LcTransferApplyService","version":"1.0.0"},"acct.EacctMngService":{"clientTimeout":3000,"maxWaittimeForfsaddress":1000,"methodList":["setPreferEacct::com.ruimin.intfin.acct.service.eacct.io.SetPreferEacctIn"],"serviceGroup":"acct","servideName":"com.ruimin.intfin.acct.service.eacct.EacctMngService","version":"1.0.0"},"mkt.MktSkLmInfoService":{"clientTimeout":3000,"maxWaittimeForfsaddress":1000,"methodList":["subscribeMktSkLm::com.ruimin.intfin.mkt.service.io.SubscribeMktSkLmIn","preCheckMktSkLm::com.ruimin.intfin.mkt.service.io.PreCheckMktSkLmIn"],"serviceGroup":"mkt","servideName":"com.ruimin.intfin.mkt.service.MktSkLmInfoService","version":"1.0.0"},"acct.TradePasswdService":{"clientTimeout":3000,"maxWaittimeForfsaddress":1000,"methodList":["qryTradePasswdSeted::com.ruimin.intfin.acct.service.tradepasswd.io.QryTradePasswdSetedIn","setTradePasswd::com.ruimin.intfin.acct.service.tradepasswd.io.SetTradePasswdIn","modTradePasswd::com.ruimin.intfin.acct.service.tradepasswd.io.ModTradePasswdIn","chkTradePasswd::com.ruimin.intfin.acct.service.tradepasswd.io.ChkTradePasswdIn"],"serviceGroup":"acct","servideName":"com.ruimin.intfin.acct.service.tradepasswd.TradePasswdService","version":"1.0.0"},"mkt.MktSkActPrdInfoService":{"clientTimeout":3000,"maxWaittimeForfsaddress":1000,"methodList":["queryMktSkActPrdInfoList::com.ruimin.intfin.mkt.service.io.QueryMktSkActPrdInfoListIn","subscribeMktSkActPrd::com.ruimin.intfin.mkt.service.io.SubscribeMktSkActPrdIn","queryMktSkActPrdInfoDetail::com.ruimin.intfin.mkt.service.io.QueryMktSkActPrdInfoDetailIn"],"serviceGroup":"mkt","servideName":"com.ruimin.intfin.mkt.service.MktSkActPrdInfoService","version":"1.0.0"},"txn.QueryLcTransferBidBizLogService":{"clientTimeout":3000,"maxWaittimeForfsaddress":1000,"methodList":["queryLcTransferBidBizLogForseller::com.ruimin.intfin.txn.service.lcquery.io.QueryLcTransferBidBizLogForsellerIn","queryLcTransferBidBizLogForBuyer::com.ruimin.intfin.txn.service.lcquery.io.QueryLcTransferBidBizLogForBuyerIn"],"serviceGroup":"txn","servideName":"com.ruimin.intfin.txn.service.lcquery.QueryLcTransferBidBizLogService","version":"1.0.0"},"user.UserBasicInfoService":{"clientTimeout":3000,"maxWaittimeForfsaddress":1000,"methodList":["queryUserBasicInfo::com.ruimin.intfin.user.service.query.io.QueryUserBasicInfoIn"],"serviceGroup":"user","servideName":"com.ruimin.intfin.user.service.query.UserBasicInfoService","version":"1.0.0"},"prf.PrfQuanDetailsUseService":{"clientTimeout":3000,"maxWaittimeForfsaddress":1000,"methodList":["userUseQuanDetailsRollback::com.ruimin.intfin.prf.service.quan.io.UserUseQuanDetailsRollbackIn","userUseQuanDetails::com.ruimin.intfin.prf.service.quan.io.UserUseQuanDetailsIn"],"serviceGroup":"prf","servideName":"com.ruimin.intfin.prf.service.quan.PrfQuanDetailsUseService","version":"1.0.0"},"acct.JbkService":{"clientTimeout":3000,"maxWaittimeForfsaddress":1000,"methodList":["unbindBankAcct::com.ruimin.intfin.acct.service.jbk.io.UnbindBankAcctIn","bindBankAcct::com.ruimin.intfin.acct.service.jbk.io.BindBankAcctIn","setWithdrawBankAcct::com.ruimin.intfin.acct.service.jbk.io.SetWithdrawBankAcctIn","qryBindBankAcct::com.ruimin.intfin.acct.service.jbk.io.QryBindBankAcctIn","sendSmsVerifyCode::com.ruimin.intfin.acct.service.jbk.io.SendSmsVerifyCodeIn","setPreferBankAcct::com.ruimin.intfin.acct.service.jbk.io.SetPreferBankAcctIn"],"serviceGroup":"acct","servideName":"com.ruimin.intfin.acct.service.jbk.JbkService","version":"1.0.0"},"prf.PrfQuanDetailsGetService":{"clientTimeout":3000,"maxWaittimeForfsaddress":1000,"methodList":["userGetQuanDetails::com.ruimin.intfin.prf.service.quan.io.UserGetQuanDetailsIn"],"serviceGroup":"prf","servideName":"com.ruimin.intfin.prf.service.quan.PrfQuanDetailsGetService","version":"1.0.0"},"prd.LcPrdProductQueryService":{"clientTimeout":3000,"maxWaittimeForfsaddress":1000,"methodList":["queryListForAllProducts::com.ruimin.intfin.prd.service.lcprd.io.QueryListForAllProductsIn"],"serviceGroup":"prd","servideName":"com.ruimin.intfin.prd.service.lcprd.LcPrdProductQueryService","version":"1.0.0"},"acct.CrjService":{"clientTimeout":3000,"maxWaittimeForfsaddress":1000,"methodList":["qryDepositOnlineLimitAmt::com.ruimin.intfin.acct.service.crj.io.QryDepositOnlineLimitAmtIn","qryCrjBizLog::com.ruimin.intfin.acct.service.crj.io.QryCrjBizLogIn","depositOffline::com.ruimin.intfin.acct.service.crj.io.DepositOfflineIn","withdrawOnline::com.ruimin.intfin.acct.service.crj.io.WithdrawOnlineIn","depositOnline::com.ruimin.intfin.acct.service.crj.io.DepositOnlineIn"],"serviceGroup":"acct","servideName":"com.ruimin.intfin.acct.service.crj.CrjService","version":"1.0.0"},"prd.PrdCurrentMarketService":{"clientTimeout":3000,"maxWaittimeForfsaddress":1000,"methodList":["prdQueryCurrentMarket::com.ruimin.intfin.prd.service.product.io.PrdQueryCurrentMarketIn"],"serviceGroup":"prd","servideName":"com.ruimin.intfin.prd.service.product.PrdCurrentMarketService","version":"1.0.0"},"txn.LcTransferDealService":{"clientTimeout":3000,"maxWaittimeForfsaddress":1000,"methodList":["lcTransferDealCommit::com.ruimin.intfin.txn.service.lctransfer.io.LcTransferDealCommitIn"],"serviceGroup":"txn","servideName":"com.ruimin.intfin.txn.service.lctransfer.LcTransferDealService","version":"1.0.0"},"txn.QueryLcTransferDealLogService":{"clientTimeout":3000,"maxWaittimeForfsaddress":1000,"methodList":["queryLcTransferDealLog::com.ruimin.intfin.txn.service.lcquery.io.QueryLcTransferDealLogIn"],"serviceGroup":"txn","servideName":"com.ruimin.intfin.txn.service.lcquery.QueryLcTransferDealLogService","version":"1.0.0"},"prf.PrfQuanQueryService":{"clientTimeout":3000,"maxWaittimeForfsaddress":1000,"methodList":["queryUserCoupons::com.ruimin.intfin.prf.service.quan.io.QueryUserCouponsIn","queryUserRedPackets::com.ruimin.intfin.prf.service.quan.io.QueryUserRedPacketsIn","querQuanPayOfPage::com.ruimin.intfin.prf.service.quan.io.QuerQuanPayOfPageIn","queryUserQuanTotalInfo::com.ruimin.intfin.prf.service.quan.io.QueryUserQuanTotalInfoIn"],"serviceGroup":"prf","servideName":"com.ruimin.intfin.prf.service.quan.PrfQuanQueryService","version":"1.0.0"},"txn.TxnLcSubscribeCancelService":{"clientTimeout":3000,"maxWaittimeForfsaddress":1000,"methodList":["lcSubScribeCancelCommit::com.ruimin.intfin.txn.service.lcsubscribe.io.LcSubScribeCancelCommitIn","lcSubScribeCancelCheck::com.ruimin.intfin.txn.service.lcsubscribe.io.LcSubScribeCancelCheckIn"],"serviceGroup":"txn","servideName":"com.ruimin.intfin.txn.service.lcsubscribe.TxnLcSubscribeCancelService","version":"1.0.0"},"prd.LcPrdTransferQueryService":{"clientTimeout":3000,"maxWaittimeForfsaddress":1000,"methodList":["queryListForAllTransferProducts::com.ruimin.intfin.prd.service.lcprd.io.QueryListForAllTransferProductsIn"],"serviceGroup":"prd","servideName":"com.ruimin.intfin.prd.service.lcprd.LcPrdTransferQueryService","version":"1.0.0"}}}', '{
  "serviceMap": {
    "user.cUserInfoConsumer": {
      "clientTimeout": 3000,
      "maxWaittimeForfsaddress": 1000,
      "methodList": [
        "queryUserInfo::com.ruimin.ifs.service.io.UserInfoServiceIn"
      ],
      "serviceGroup": "user",
      "servideName": "com.ruimin.ifs.service.IUserInfoService",
      "version": "1.0.0"
    }
  }
}', '20190531184329', 6);
INSERT INTO config_history (id, config_id, old_value, new_value, create_time, update_by) VALUES (15, 154, '{
  "serviceMap": {
    "user.cUserInfoConsumer": {
      "clientTimeout": 3000,
      "maxWaittimeForfsaddress": 1000,
      "methodList": [
        "queryUserInfo::com.ruimin.ifs.service.io.UserInfoServiceIn"
      ],
      "serviceGroup": "user",
      "servideName": "com.ruimin.ifs.service.IUserInfoService",
      "version": "1.0.0"
    }
  }
}', '{
  "serviceMap": {
    "user.cUserInfoConsumer": {
      "clientTimeout": 3000,
      "maxWaittimeForfsaddress": 1000,
      "methodList": [
        "queryUserInfo::com.ruimin.ifs.online.service.io.UserInfoServiceIn"
      ],
      "serviceGroup": "user",
      "servideName": "com.ruimin.ifs.online.service.IUserInfoService",
      "version": "1.0.0"
    }
  }
}', '20190613184223', 6);
INSERT INTO config_history (id, config_id, old_value, new_value, create_time, update_by) VALUES (16, 153, '{
	"routeMap": {
		"receiver==''HJPT''": "user.queryUserInfo1::queryUserInfo",
		"receiver==''HJPT2''": "user.queryUserInfo1::queryUserInfo2"
	}
}', '{
	"routeMap": {
		"receiver==''HJPT5''": "user.cUserInfoConsumer::queryUserInfo",
		"receiver==''HJPT2''": "user.queryUserInfo1::queryUserInfo2"
	}
}', '20190613185507', 6);
INSERT INTO config_history (id, config_id, old_value, new_value, create_time, update_by) VALUES (17, 155, '{
  "routeMap": {
    "250006": "user.cUserInfoConsumer::queryUserInfo"
  }
}', '{
  "routeMap": {
    "2500061": "user.cUserInfoConsumer::queryUserInfo"
  }
}', '20190613185537', 6);
INSERT INTO config_history (id, config_id, old_value, new_value, create_time, update_by) VALUES (18, 154, '{
  "serviceMap": {
    "user.cUserInfoConsumer": {
      "clientTimeout": 3000,
      "maxWaittimeForfsaddress": 1000,
      "methodList": [
        "queryUserInfo::com.ruimin.ifs.online.service.io.UserInfoServiceIn"
      ],
      "serviceGroup": "user",
      "servideName": "com.ruimin.ifs.online.service.IUserInfoService",
      "version": "1.0.0"
    }
  }
}', '{
  "serviceMap": {
    "cgb.cUserInfoConsumer": {
      "clientTimeout": 3000,
      "maxWaittimeForfsaddress": 1000,
      "methodList": [
        "queryUserInfo::com.ruimin.ifs.online.service.io.UserInfoServiceIn"
      ],
      "serviceGroup": "cgb",
      "servideName": "com.ruimin.ifs.online.service.IUserInfoService",
      "version": "1.0.0"
    }
  }
}', '20190710230451', 6);
INSERT INTO config_history (id, config_id, old_value, new_value, create_time, update_by) VALUES (19, 154, '{
  "serviceMap": {
    "cgb.cUserInfoConsumer": {
      "clientTimeout": 3000,
      "maxWaittimeForfsaddress": 1000,
      "methodList": [
        "queryUserInfo::com.ruimin.ifs.online.service.io.UserInfoServiceIn"
      ],
      "serviceGroup": "cgb",
      "servideName": "com.ruimin.ifs.online.service.IUserInfoService",
      "version": "1.0.0"
    }
  }
}', '{
  "serviceMap": {
    "cgb.cUserInfoConsumer": {
      "clientTimeout": 3000,
      "maxWaittimeForfsaddress": 1000,
      "methodList": [
        "queryUserInfo::com.ruimin.ifs.cgb.service.io.UserInfoServiceIn"
      ],
      "serviceGroup": "cgb",
      "servideName": "com.ruimin.ifs.cgb.service.IUserInfoService",
      "version": "1.0.0"
    }
  }
}', '20190710230604', 6);
INSERT INTO config_history (id, config_id, old_value, new_value, create_time, update_by) VALUES (20, 154, '{
  "serviceMap": {
    "cgb.cUserInfoConsumer": {
      "clientTimeout": 3000,
      "maxWaittimeForfsaddress": 1000,
      "methodList": [
        "queryUserInfo::com.ruimin.ifs.cgb.service.io.UserInfoServiceIn"
      ],
      "serviceGroup": "cgb",
      "servideName": "com.ruimin.ifs.cgb.service.IUserInfoService",
      "version": "1.0.0"
    }
  }
}', '{
  "serviceMap": {
    "cgb.cUserInfoConsumer": {
      "clientTimeout": 3000,
      "maxWaittimeForfsaddress": 1000,
      "methodList": [
        "queryUserInfo::com.ruimin.ifs.cgb.service.io.UserInfoServiceIn"
      ],
      "serviceGroup": "cgb",
      "servideName": "com.ruimin.ifs.cgb.service.IUserInfoService",
      "version": "1.0.0"
    }
  }
}', '20190710230612', 6);
INSERT INTO config_history (id, config_id, old_value, new_value, create_time, update_by) VALUES (21, 155, '{
  "routeMap": {
    "2500061": "user.cUserInfoConsumer::queryUserInfo"
  }
}', '{
  "routeMap": {
    "2500061": "cgb.cUserInfoConsumer::queryUserInfo"
  }
}', '20190710230723', 6);
INSERT INTO config_history (id, config_id, old_value, new_value, create_time, update_by) VALUES (22, 153, '{
	"routeMap": {
		"receiver==''HJPT5''": "user.cUserInfoConsumer::queryUserInfo",
		"receiver==''HJPT2''": "user.queryUserInfo1::queryUserInfo2"
	}
}', '{
	"routeMap": {
		"receiver==''HJPT5''": "cgb.cUserInfoConsumer::queryUserInfo",
		"receiver==''HJPT2''": "cgb.queryUserInfo1::queryUserInfo2"
	}
}', '20190711111425', 6);
INSERT INTO config_history (id, config_id, old_value, new_value, create_time, update_by) VALUES (23, 153, '{
	"routeMap": {
		"receiver==''HJPT5''": "cgb.cUserInfoConsumer::queryUserInfo",
		"receiver==''HJPT2''": "cgb.queryUserInfo1::queryUserInfo2"
	}
}', '{
	"routeMap": {
		"receiver==''HJPT51''": "cgb.cUserInfoConsumer::queryUserInfo",
		"receiver==''HJPT2''": "cgb.queryUserInfo1::queryUserInfo2"
	}
}', '20190711124258', 6);
INSERT INTO config_history (id, config_id, old_value, new_value, create_time, update_by) VALUES (24, 153, '{
	"routeMap": {
		"receiver==''HJPT51''": "cgb.cUserInfoConsumer::queryUserInfo",
		"receiver==''HJPT2''": "cgb.queryUserInfo1::queryUserInfo2"
	}
}', '{
	"routeMap": {
		"receiver==''HJPT5''": "cgb.cUserInfoConsumer::queryUserInfo",
		"receiver==''HJPT2''": "cgb.queryUserInfo1::queryUserInfo2"
	}
}', '20190711130427', 6);
INSERT INTO config_history (id, config_id, old_value, new_value, create_time, update_by) VALUES (25, 154, '{
  "serviceMap": {
    "cgb.cUserInfoConsumer": {
      "clientTimeout": 3000,
      "maxWaittimeForfsaddress": 1000,
      "methodList": [
        "queryUserInfo::com.ruimin.ifs.cgb.service.io.UserInfoServiceIn"
      ],
      "serviceGroup": "cgb",
      "servideName": "com.ruimin.ifs.cgb.service.IUserInfoService",
      "version": "1.0.0"
    }
  }
}', '{
  "serviceMap": {
    "cgb.cUserInfoConsumer": {
      "clientTimeout": 10000,
      "maxWaittimeForfsaddress": 1000,
      "methodList": [
        "queryUserInfo::com.ruimin.ifs.cgb.service.io.UserInfoServiceIn"
      ],
      "serviceGroup": "cgb",
      "servideName": "com.ruimin.ifs.cgb.service.IUserInfoService",
      "version": "1.0.0"
    }
  }
}', '20190711132233', 6);
INSERT INTO config_history (id, config_id, old_value, new_value, create_time, update_by) VALUES (26, 153, '{
	"routeMap": {
		"receiver==''HJPT5''": "cgb.cUserInfoConsumer::queryUserInfo",
		"receiver==''HJPT2''": "cgb.queryUserInfo1::queryUserInfo2"
	}
}', '{
	"routeMap": {
		"receiver==''cgb'' and msgtype==''0124''": "cgb.cUserInfoConsumer::queryUserInfo",
		"receiver==''HJPT2''": "cgb.queryUserInfo1::queryUserInfo2"
	}
}', '20190715154527', 6);
INSERT INTO config_history (id, config_id, old_value, new_value, create_time, update_by) VALUES (27, 154, '{
  "serviceMap": {
    "cgb.cUserInfoConsumer": {
      "clientTimeout": 10000,
      "maxWaittimeForfsaddress": 1000,
      "methodList": [
        "queryUserInfo::com.ruimin.ifs.cgb.service.io.UserInfoServiceIn"
      ],
      "serviceGroup": "cgb",
      "servideName": "com.ruimin.ifs.cgb.service.IUserInfoService",
      "version": "1.0.0"
    }
  }
}', '{
  "serviceMap": {
    "cgb.cUserInfoConsumer": {
      "clientTimeout": 10000,
      "maxWaittimeForfsaddress": 1000,
      "methodList": [
        "queryUserInfo::com.ruimin.ifs.cgb.service.io.UserInfoServiceIn"
      ],
      "serviceGroup": "cgb",
      "servideName": "com.ruimin.ifs.cgb.service.IUserInfoService",
      "version": "1.0.0"
    }
    "cgb.bankTransferServiceConsumer": {
      "clientTimeout": 10000,
      "maxWaittimeForfsaddress": 1000,
      "methodList": [
        "queryUserInfo::com.ruimin.ifs.be.bank.service.io.BankTransferServiceIn"
      ],
      "serviceGroup": "cgb",
      "servideName": "com.ruimin.ifs.be.bank.service.BankTransferService",
      "version": "1.0.0"
    }
  }
}', '20190717104735', 6);
INSERT INTO config_history (id, config_id, old_value, new_value, create_time, update_by) VALUES (28, 153, '{
	"routeMap": {
		"receiver==''cgb'' and msgtype==''0124''": "cgb.cUserInfoConsumer::queryUserInfo",
		"receiver==''HJPT2''": "cgb.queryUserInfo1::queryUserInfo2"
	}
}', '{
	"routeMap": {
		"receiver==''cgb'' and msgtype==''0124''": "cgb.bankTransferServiceConsumer::transfer",
		"receiver==''HJPT2''": "cgb.queryUserInfo1::queryUserInfo2"
	}
}', '20190717104847', 6);
INSERT INTO config_history (id, config_id, old_value, new_value, create_time, update_by) VALUES (29, 154, '{
  "serviceMap": {
    "cgb.cUserInfoConsumer": {
      "clientTimeout": 10000,
      "maxWaittimeForfsaddress": 1000,
      "methodList": [
        "queryUserInfo::com.ruimin.ifs.cgb.service.io.UserInfoServiceIn"
      ],
      "serviceGroup": "cgb",
      "servideName": "com.ruimin.ifs.cgb.service.IUserInfoService",
      "version": "1.0.0"
    }
    "cgb.bankTransferServiceConsumer": {
      "clientTimeout": 10000,
      "maxWaittimeForfsaddress": 1000,
      "methodList": [
        "queryUserInfo::com.ruimin.ifs.be.bank.service.io.BankTransferServiceIn"
      ],
      "serviceGroup": "cgb",
      "servideName": "com.ruimin.ifs.be.bank.service.BankTransferService",
      "version": "1.0.0"
    }
  }
}', '{
  "serviceMap": {
    "cgb.cUserInfoConsumer": {
      "clientTimeout": 10000,
      "maxWaittimeForfsaddress": 1000,
      "methodList": [
        "queryUserInfo::com.ruimin.ifs.cgb.service.io.UserInfoServiceIn"
      ],
      "serviceGroup": "cgb",
      "servideName": "com.ruimin.ifs.cgb.service.IUserInfoService",
      "version": "1.0.0"
    }
    "cgb.bankTransferServiceConsumer": {
      "clientTimeout": 10000,
      "maxWaittimeForfsaddress": 1000,
      "methodList": [
        "transfer::com.ruimin.ifs.be.bank.service.io.BankTransferServiceIn"
      ],
      "serviceGroup": "cgb",
      "servideName": "com.ruimin.ifs.be.bank.service.BankTransferService",
      "version": "1.0.0"
    }
  }
}', '20190717104859', 6);
INSERT INTO config_history (id, config_id, old_value, new_value, create_time, update_by) VALUES (30, 154, '{
  "serviceMap": {
    "cgb.cUserInfoConsumer": {
      "clientTimeout": 10000,
      "maxWaittimeForfsaddress": 1000,
      "methodList": [
        "queryUserInfo::com.ruimin.ifs.cgb.service.io.UserInfoServiceIn"
      ],
      "serviceGroup": "cgb",
      "servideName": "com.ruimin.ifs.cgb.service.IUserInfoService",
      "version": "1.0.0"
    }
    "cgb.bankTransferServiceConsumer": {
      "clientTimeout": 10000,
      "maxWaittimeForfsaddress": 1000,
      "methodList": [
        "transfer::com.ruimin.ifs.be.bank.service.io.BankTransferServiceIn"
      ],
      "serviceGroup": "cgb",
      "servideName": "com.ruimin.ifs.be.bank.service.BankTransferService",
      "version": "1.0.0"
    }
  }
}', '{
  "serviceMap": {
    "cgb.cUserInfoConsumer": {
      "clientTimeout": 10000,
      "maxWaittimeForfsaddress": 1000,
      "methodList": [
        "queryUserInfo::com.ruimin.ifs.cgb.service.io.UserInfoServiceIn"
      ],
      "serviceGroup": "cgb",
      "servideName": "com.ruimin.ifs.cgb.service.IUserInfoService",
      "version": "1.0.0"
    },
    "cgb.bankTransferServiceConsumer": {
      "clientTimeout": 10000,
      "maxWaittimeForfsaddress": 1000,
      "methodList": [
        "transfer::com.ruimin.ifs.be.bank.service.io.BankTransferServiceIn"
      ],
      "serviceGroup": "cgb",
      "servideName": "com.ruimin.ifs.be.bank.service.BankTransferService",
      "version": "1.0.0"
    }
  }
}', '20190717105146', 6);
INSERT INTO config_history (id, config_id, old_value, new_value, create_time, update_by) VALUES (31, 154, '{
  "serviceMap": {
    "cgb.cUserInfoConsumer": {
      "clientTimeout": 10000,
      "maxWaittimeForfsaddress": 1000,
      "methodList": [
        "queryUserInfo::com.ruimin.ifs.cgb.service.io.UserInfoServiceIn"
      ],
      "serviceGroup": "cgb",
      "servideName": "com.ruimin.ifs.cgb.service.IUserInfoService",
      "version": "1.0.0"
    },
    "cgb.bankTransferServiceConsumer": {
      "clientTimeout": 10000,
      "maxWaittimeForfsaddress": 1000,
      "methodList": [
        "transfer::com.ruimin.ifs.be.bank.service.io.BankTransferServiceIn"
      ],
      "serviceGroup": "cgb",
      "servideName": "com.ruimin.ifs.be.bank.service.BankTransferService",
      "version": "1.0.0"
    }
  }
}', '{
  "serviceMap": {
    "cgb.cUserInfoConsumer": {
      "clientTimeout": 10000,
      "maxWaittimeForfsaddress": 1000,
      "methodList": [
        "queryUserInfo::com.ruimin.ifs.cgb.service.io.UserInfoServiceIn"
      ],
      "serviceGroup": "cgb",
      "servideName": "com.ruimin.ifs.cgb.service.IUserInfoService",
      "version": "1.0.0"
    },
    "cgb.bankTransferServiceConsumer": {
      "clientTimeout": 10000,
      "maxWaittimeForfsaddress": 1000,
      "methodList": [
        "transfer::com.ruimin.ifs.be.bank.service.io.BankTransferServiceIn"
      ],
      "serviceGroup": "cgb",
      "servideName": "com.ruimin.ifs.be.bank.service.BankTransferService",
      "version": "1.0.0"
    }
  }
}', '20190717105147', 6);
INSERT INTO config_history (id, config_id, old_value, new_value, create_time, update_by) VALUES (32, 154, '{
  "serviceMap": {
    "cgb.cUserInfoConsumer": {
      "clientTimeout": 10000,
      "maxWaittimeForfsaddress": 1000,
      "methodList": [
        "queryUserInfo::com.ruimin.ifs.cgb.service.io.UserInfoServiceIn"
      ],
      "serviceGroup": "cgb",
      "servideName": "com.ruimin.ifs.cgb.service.IUserInfoService",
      "version": "1.0.0"
    },
    "cgb.bankTransferServiceConsumer": {
      "clientTimeout": 10000,
      "maxWaittimeForfsaddress": 1000,
      "methodList": [
        "transfer::com.ruimin.ifs.be.bank.service.io.BankTransferServiceIn"
      ],
      "serviceGroup": "cgb",
      "servideName": "com.ruimin.ifs.be.bank.service.BankTransferService",
      "version": "1.0.0"
    }
  }
}', '{
  "serviceMap": {
    "cgb.cUserInfoConsumer": {
      "clientTimeout": 10000,
      "maxWaittimeForfsaddress": 1000,
      "methodList": [
        "queryUserInfo::com.ruimin.ifs.cgb.service.io.UserInfoServiceIn"
      ],
      "serviceGroup": "cgb",
      "servideName": "com.ruimin.ifs.cgb.service.IUserInfoService",
      "version": "1.0.0"
    },
    "cgb.bankTransferServiceConsumer": {
      "clientTimeout": 10000,
      "maxWaittimeForfsaddress": 1000,
      "methodList": [
        "transfer::com.ruimin.ifs.be.bank.service.io.BankTransferServiceIn"
      ],
      "serviceGroup": "cgb",
      "servideName": "com.ruimin.ifs.be.bank.service.IBankTransferService",
      "version": "1.0.0"
    }
  }
}', '20190717113434', 6);
INSERT INTO config_history (id, config_id, old_value, new_value, create_time, update_by) VALUES (33, 154, '{
  "serviceMap": {
    "cgb.cUserInfoConsumer": {
      "clientTimeout": 10000,
      "maxWaittimeForfsaddress": 1000,
      "methodList": [
        "queryUserInfo::com.ruimin.ifs.cgb.service.io.UserInfoServiceIn"
      ],
      "serviceGroup": "cgb",
      "servideName": "com.ruimin.ifs.cgb.service.IUserInfoService",
      "version": "1.0.0"
    },
    "cgb.bankTransferServiceConsumer": {
      "clientTimeout": 10000,
      "maxWaittimeForfsaddress": 1000,
      "methodList": [
        "transfer::com.ruimin.ifs.be.bank.service.io.BankTransferServiceIn"
      ],
      "serviceGroup": "cgb",
      "servideName": "com.ruimin.ifs.be.bank.service.IBankTransferService",
      "version": "1.0.0"
    }
  }
}', '{
  "serviceMap": {
    "cgb.cUserInfoConsumer": {
      "clientTimeout": 10000,
      "maxWaittimeForfsaddress": 1000,
      "methodList": [
        "queryUserInfo::com.ruimin.ifs.cgb.service.io.UserInfoServiceIn"
      ],
      "serviceGroup": "cgb",
      "servideName": "com.ruimin.ifs.cgb.service.IUserInfoService",
      "version": "1.0.0"
    },
    "cgb.bankTransferServiceConsumer": {
      "clientTimeout": 10000,
      "maxWaittimeForfsaddress": 1000,
      "methodList": [
        "transferAccount::com.ruimin.ifs.be.bank.service.io.BankTransferServiceIn"
      ],
      "serviceGroup": "cgb",
      "servideName": "com.ruimin.ifs.be.bank.service.IBankTransferService",
      "version": "1.0.0"
    }
  }
}', '20190717123444', 6);
INSERT INTO config_history (id, config_id, old_value, new_value, create_time, update_by) VALUES (34, 153, '{
	"routeMap": {
		"receiver==''cgb'' and msgtype==''0124''": "cgb.bankTransferServiceConsumer::transfer",
		"receiver==''HJPT2''": "cgb.queryUserInfo1::queryUserInfo2"
	}
}', '{
	"routeMap": {
		"receiver==''cgb'' and msgtype==''0124''": "cgb.bankTransferServiceConsumer::transferAccount",
		"receiver==''HJPT2''": "cgb.queryUserInfo1::queryUserInfo2"
	}
}', '20190717124000', 6);

CREATE TABLE
    ENV
    (
        ENV_ID BIGINT NOT NULL GENERATED BY DEFAULT AS IDENTITY (START WITH 6),
        NAME VARCHAR(255) DEFAULT 'DEFAULT_ENV' NOT NULL,
        CONSTRAINT PK_ENV PRIMARY KEY (ENV_ID)
    );
INSERT INTO env (env_id, name) VALUES (1, 'dev');
INSERT INTO env (env_id, name) VALUES (2, 'sit');
INSERT INTO env (env_id, name) VALUES (3, 'uat');
INSERT INTO env (env_id, name) VALUES (4, 'prd');

CREATE TABLE
    IFS_BIZ_LOG
    (
        ID CHARACTER(36) NOT NULL,
        LOG_ID CHARACTER(36) NOT NULL,
        TXN_DATE CHARACTER(8) NOT NULL,
        TXN_START_TIME CHARACTER(6) NOT NULL,
        TXN_END_TIME CHARACTER(6) NOT NULL,
        TXN_RUN_TIME INTEGER NOT NULL,
        BRCODE VARCHAR(20),
        OPRCODE VARCHAR(20),
        IP_ADR VARCHAR(20),
        FUNCID VARCHAR(20),
        OPRTXNCD VARCHAR(100),
        TXN_BIZ_LOG1 VARCHAR(2048),
        TXN_BIZ_LOG2 VARCHAR(2048),
        TXN_STATUS CHARACTER(2),
        TXN_FAIL_LOG VARCHAR(2048),
        CONSTRAINT PK_IFS_BIZ_LOG PRIMARY KEY (ID)
    );
INSERT INTO ifs_biz_log (ID, LOG_ID, TXN_DATE, TXN_START_TIME, TXN_END_TIME, TXN_RUN_TIME, BRCODE, OPRCODE, IP_ADR, FUNCID, OPRTXNCD, TXN_BIZ_LOG1, TXN_BIZ_LOG2, TXN_STATUS, TXN_FAIL_LOG) VALUES ('0074a0dbb49b4cbc9116195e4a6f8989', '0074a0dbb49b4cbc9116195e4a6f8989', '20190717', '183202', '183202', 147, '0001', 'admin', '192.168.182.1', '100302', 'com.ruimin.ifs.mng.comp.TblBeTradeCfgAction:update', '操作员 admin 部门 0001 执行 交易代码配置管理:将交易代码0010 | 余额查询修改为:{余额查询}', null, '02', null);
INSERT INTO ifs_biz_log (ID, LOG_ID, TXN_DATE, TXN_START_TIME, TXN_END_TIME, TXN_RUN_TIME, BRCODE, OPRCODE, IP_ADR, FUNCID, OPRTXNCD, TXN_BIZ_LOG1, TXN_BIZ_LOG2, TXN_STATUS, TXN_FAIL_LOG) VALUES ('0075f5093b9b4cef9c4fed6cc6c1e2e7', '0075f5093b9b4cef9c4fed6cc6c1e2e7', '20190716', '170854', '170855', 625, '0001', 'admin', '192.168.182.1', '100105', 'com.ruimin.ifs.mng.comp.TblBeChannelAction:queryAll', '执行查询操作:接入系统管理', null, '02', null);
INSERT INTO ifs_biz_log (ID, LOG_ID, TXN_DATE, TXN_START_TIME, TXN_END_TIME, TXN_RUN_TIME, BRCODE, OPRCODE, IP_ADR, FUNCID, OPRTXNCD, TXN_BIZ_LOG1, TXN_BIZ_LOG2, TXN_STATUS, TXN_FAIL_LOG) VALUES ('01a94f97493a4467b2a74f760d230c74', '01a94f97493a4467b2a74f760d230c74', '20190716', '105850', '105850', 193, '0001', 'admin', '192.168.182.1', '100105', 'com.ruimin.ifs.mng.comp.TblBeChannelAction:queryAll', '执行查询操作:接入系统管理', null, '02', null);
INSERT INTO ifs_biz_log (ID, LOG_ID, TXN_DATE, TXN_START_TIME, TXN_END_TIME, TXN_RUN_TIME, BRCODE, OPRCODE, IP_ADR, FUNCID, OPRTXNCD, TXN_BIZ_LOG1, TXN_BIZ_LOG2, TXN_STATUS, TXN_FAIL_LOG) VALUES ('02195170c01b459b8a3f6d4f285ef743', '02195170c01b459b8a3f6d4f285ef743', '20190716', '153856', '153856', 157, '0001', 'admin', '192.168.182.1', '100105', 'com.ruimin.ifs.mng.comp.TblBeChannelAction:queryAll', '执行查询操作:接入系统管理', null, '02', null);
INSERT INTO ifs_biz_log (ID, LOG_ID, TXN_DATE, TXN_START_TIME, TXN_END_TIME, TXN_RUN_TIME, BRCODE, OPRCODE, IP_ADR, FUNCID, OPRTXNCD, TXN_BIZ_LOG1, TXN_BIZ_LOG2, TXN_STATUS, TXN_FAIL_LOG) VALUES ('03388815e29d4141a04de591d4e22321', '03388815e29d4141a04de591d4e22321', '20190715', '181008', '181008', 75, '0001', 'admin', '192.168.154.1', '100102', 'com.ruimin.ifs.mng.comp.FunctionMngAction:saveOrUpdate', '操作员 admin 部门 0001 执行 菜单权限修改:id=100001, name=机构管理', null, '02', null);
INSERT INTO ifs_biz_log (ID, LOG_ID, TXN_DATE, TXN_START_TIME, TXN_END_TIME, TXN_RUN_TIME, BRCODE, OPRCODE, IP_ADR, FUNCID, OPRTXNCD, TXN_BIZ_LOG1, TXN_BIZ_LOG2, TXN_STATUS, TXN_FAIL_LOG) VALUES ('049ee836e19d4454a4ad2a8e23043c49', '049ee836e19d4454a4ad2a8e23043c49', '20190716', '144002', '144003', 515, '0001', 'admin', '192.168.182.1', '100105', 'com.ruimin.ifs.mng.comp.TblBeChannelAction:queryAll', '执行查询操作:接入系统管理', null, '02', null);
INSERT INTO ifs_biz_log (ID, LOG_ID, TXN_DATE, TXN_START_TIME, TXN_END_TIME, TXN_RUN_TIME, BRCODE, OPRCODE, IP_ADR, FUNCID, OPRTXNCD, TXN_BIZ_LOG1, TXN_BIZ_LOG2, TXN_STATUS, TXN_FAIL_LOG) VALUES ('0503edbf0e9a41018a9412e67f2c28f5', '0503edbf0e9a41018a9412e67f2c28f5', '20190717', '124139', '124139', 98, '0001', 'admin', '192.168.1.104', '100104', 'com.ruimin.ifs.mng.comp.DataDicEntryAction:saveOrUpdate1', '操作员 admin 部门 0001 执行 数据字典新增:id=1918642f65d94205a25da7d3cf69101c', null, '02', null);
INSERT INTO ifs_biz_log (ID, LOG_ID, TXN_DATE, TXN_START_TIME, TXN_END_TIME, TXN_RUN_TIME, BRCODE, OPRCODE, IP_ADR, FUNCID, OPRTXNCD, TXN_BIZ_LOG1, TXN_BIZ_LOG2, TXN_STATUS, TXN_FAIL_LOG) VALUES ('0515e6c06c1548299046e6845be8f81f', '0515e6c06c1548299046e6845be8f81f', '20190716', '193933', '193952', 19008, '0001', 'admin', '192.168.182.1', '100105', 'com.ruimin.ifs.mng.comp.TblBeChannelAction:delete', '操作员 admin 部门 0001 执行 接入系统删除:id=null', null, '02', null);
INSERT INTO ifs_biz_log (ID, LOG_ID, TXN_DATE, TXN_START_TIME, TXN_END_TIME, TXN_RUN_TIME, BRCODE, OPRCODE, IP_ADR, FUNCID, OPRTXNCD, TXN_BIZ_LOG1, TXN_BIZ_LOG2, TXN_STATUS, TXN_FAIL_LOG) VALUES ('05470a0ac2364705b4c6234e0cecef21', '05470a0ac2364705b4c6234e0cecef21', '20190716', '150450', '150450', 229, '0001', 'admin', '192.168.182.1', '100104', 'com.ruimin.ifs.mng.comp.SysParamsSecAction:queryAll', '执行查询操作:系统参数设置', null, '02', null);
INSERT INTO ifs_biz_log (ID, LOG_ID, TXN_DATE, TXN_START_TIME, TXN_END_TIME, TXN_RUN_TIME, BRCODE, OPRCODE, IP_ADR, FUNCID, OPRTXNCD, TXN_BIZ_LOG1, TXN_BIZ_LOG2, TXN_STATUS, TXN_FAIL_LOG) VALUES ('09beb7e7d82742548902de993781ca3e', '09beb7e7d82742548902de993781ca3e', '20190716', '100825', '100851', 26121, '0001', 'admin', '192.168.182.1', '100105', 'com.ruimin.ifs.mng.comp.TblBeChannelAction:queryAll', '执行查询操作:接入系统管理', null, '02', null);
INSERT INTO ifs_biz_log (ID, LOG_ID, TXN_DATE, TXN_START_TIME, TXN_END_TIME, TXN_RUN_TIME, BRCODE, OPRCODE, IP_ADR, FUNCID, OPRTXNCD, TXN_BIZ_LOG1, TXN_BIZ_LOG2, TXN_STATUS, TXN_FAIL_LOG) VALUES ('09e1caf31dd9406daf9dc406f9353b65', '09e1caf31dd9406daf9dc406f9353b65', '20190717', '112732', '112732', 105, '0001', 'admin', '192.168.154.1', '100104', 'com.ruimin.ifs.mng.comp.DataDicEntryAction:saveOrUpdate1', '操作员 admin 部门 0001 执行 数据字典新增:id=c8e6b8ea1710461591d17ef995ba3950', null, '02', null);
INSERT INTO ifs_biz_log (ID, LOG_ID, TXN_DATE, TXN_START_TIME, TXN_END_TIME, TXN_RUN_TIME, BRCODE, OPRCODE, IP_ADR, FUNCID, OPRTXNCD, TXN_BIZ_LOG1, TXN_BIZ_LOG2, TXN_STATUS, TXN_FAIL_LOG) VALUES ('0b5d248b159245f89001533ee7811d34', '0b5d248b159245f89001533ee7811d34', '20190716', '171428', '171428', 184, '0001', 'admin', '192.168.182.1', '100105', 'com.ruimin.ifs.mng.comp.TblBeChannelAction:queryAll', '执行查询操作:接入系统管理', null, '02', null);
INSERT INTO ifs_biz_log (ID, LOG_ID, TXN_DATE, TXN_START_TIME, TXN_END_TIME, TXN_RUN_TIME, BRCODE, OPRCODE, IP_ADR, FUNCID, OPRTXNCD, TXN_BIZ_LOG1, TXN_BIZ_LOG2, TXN_STATUS, TXN_FAIL_LOG) VALUES ('0cd779f1097346f988ea357d66cb4464', '0cd779f1097346f988ea357d66cb4464', '20190716', '173417', '173417', 113, '0001', 'admin', '192.168.182.1', '100105', 'com.ruimin.ifs.mng.comp.TblBeChannelAction:delete', '操作员 admin 部门 0001 执行 接入系统删除:id=null', null, '02', null);
INSERT INTO ifs_biz_log (ID, LOG_ID, TXN_DATE, TXN_START_TIME, TXN_END_TIME, TXN_RUN_TIME, BRCODE, OPRCODE, IP_ADR, FUNCID, OPRTXNCD, TXN_BIZ_LOG1, TXN_BIZ_LOG2, TXN_STATUS, TXN_FAIL_LOG) VALUES ('0d8f29da665e43e289d67154581485c7', '0d8f29da665e43e289d67154581485c7', '20190715', '181154', '181155', 107, '0001', 'admin', '192.168.154.1', '100104', 'com.ruimin.ifs.mng.comp.SysParamsSecAction:queryAll', '执行查询操作:系统参数设置', null, '02', null);
INSERT INTO ifs_biz_log (ID, LOG_ID, TXN_DATE, TXN_START_TIME, TXN_END_TIME, TXN_RUN_TIME, BRCODE, OPRCODE, IP_ADR, FUNCID, OPRTXNCD, TXN_BIZ_LOG1, TXN_BIZ_LOG2, TXN_STATUS, TXN_FAIL_LOG) VALUES ('0e9baa839c234326b490eefc4f4a9e1f', '0e9baa839c234326b490eefc4f4a9e1f', '20190716', '135313', '135318', 5193, '0001', 'admin', '192.168.182.1', '100105', 'com.ruimin.ifs.mng.comp.TblBeChannelAction:queryAll', '执行查询操作:接入系统管理', null, '02', null);
INSERT INTO ifs_biz_log (ID, LOG_ID, TXN_DATE, TXN_START_TIME, TXN_END_TIME, TXN_RUN_TIME, BRCODE, OPRCODE, IP_ADR, FUNCID, OPRTXNCD, TXN_BIZ_LOG1, TXN_BIZ_LOG2, TXN_STATUS, TXN_FAIL_LOG) VALUES ('0f54921aeef94a6291db1cf8f8eb9fa6', '0f54921aeef94a6291db1cf8f8eb9fa6', '20190717', '113220', '113220', 167, '0001', 'admin', '192.168.182.1', '100103', 'com.ruimin.ifs.mng.comp.TblBeChannelAction:update', '操作员 admin 部门 0001 执行 接入系统管理:将接入系统代码chd007 | 阿里巴巴支付宝修改为:{阿里巴巴支付宝}', null, '02', null);
INSERT INTO ifs_biz_log (ID, LOG_ID, TXN_DATE, TXN_START_TIME, TXN_END_TIME, TXN_RUN_TIME, BRCODE, OPRCODE, IP_ADR, FUNCID, OPRTXNCD, TXN_BIZ_LOG1, TXN_BIZ_LOG2, TXN_STATUS, TXN_FAIL_LOG) VALUES ('0f7528b66bdb472aabbc1436349c2a28', '0f7528b66bdb472aabbc1436349c2a28', '20190712', '140427', '140428', 221, '0001', 'admin', '192.168.182.1', '100104', 'com.ruimin.ifs.mng.comp.SysParamsSecAction:queryAll', '执行查询操作:系统参数设置', null, '02', null);
INSERT INTO ifs_biz_log (ID, LOG_ID, TXN_DATE, TXN_START_TIME, TXN_END_TIME, TXN_RUN_TIME, BRCODE, OPRCODE, IP_ADR, FUNCID, OPRTXNCD, TXN_BIZ_LOG1, TXN_BIZ_LOG2, TXN_STATUS, TXN_FAIL_LOG) VALUES ('0fe6e2f23468437db7b2e12d80dc38d6', '0fe6e2f23468437db7b2e12d80dc38d6', '20190716', '094311', '094319', 7747, '0001', 'admin', '192.168.182.1', '100105', 'com.ruimin.ifs.mng.comp.TblBeChannelAction:queryAll', '执行查询操作:接入系统管理', null, '02', null);
INSERT INTO ifs_biz_log (ID, LOG_ID, TXN_DATE, TXN_START_TIME, TXN_END_TIME, TXN_RUN_TIME, BRCODE, OPRCODE, IP_ADR, FUNCID, OPRTXNCD, TXN_BIZ_LOG1, TXN_BIZ_LOG2, TXN_STATUS, TXN_FAIL_LOG) VALUES ('104c712ec9e44b11ae92614831ebd723', '104c712ec9e44b11ae92614831ebd723', '20190716', '182319', '182320', 208, '0001', 'admin', '192.168.182.1', '100105', 'com.ruimin.ifs.mng.comp.TblBeChannelAction:queryAll', '执行查询操作:接入系统管理', null, '02', null);
INSERT INTO ifs_biz_log (ID, LOG_ID, TXN_DATE, TXN_START_TIME, TXN_END_TIME, TXN_RUN_TIME, BRCODE, OPRCODE, IP_ADR, FUNCID, OPRTXNCD, TXN_BIZ_LOG1, TXN_BIZ_LOG2, TXN_STATUS, TXN_FAIL_LOG) VALUES ('10c606db6ea54b3c90ef85e084b9f430', '10c606db6ea54b3c90ef85e084b9f430', '20190716', '143245', '143251', 5970, '0001', 'admin', '192.168.182.1', '100105', 'com.ruimin.ifs.mng.comp.TblBeChannelAction:queryAll', '执行查询操作:接入系统管理', null, '02', null);
INSERT INTO ifs_biz_log (ID, LOG_ID, TXN_DATE, TXN_START_TIME, TXN_END_TIME, TXN_RUN_TIME, BRCODE, OPRCODE, IP_ADR, FUNCID, OPRTXNCD, TXN_BIZ_LOG1, TXN_BIZ_LOG2, TXN_STATUS, TXN_FAIL_LOG) VALUES ('1141fc3d1dad419ab6c3896e84606c81', '1141fc3d1dad419ab6c3896e84606c81', '20190717', '112813', '112814', 787, '0001', 'admin', '192.168.154.1', '100104', 'com.ruimin.ifs.mng.comp.DataDicEntryAction:saveOrUpdate1', '操作员 admin 部门 0001 执行 数据字典新增:id=3e7274591d1c4eb8ab8dd4ee17c0d927', null, '02', null);
INSERT INTO ifs_biz_log (ID, LOG_ID, TXN_DATE, TXN_START_TIME, TXN_END_TIME, TXN_RUN_TIME, BRCODE, OPRCODE, IP_ADR, FUNCID, OPRTXNCD, TXN_BIZ_LOG1, TXN_BIZ_LOG2, TXN_STATUS, TXN_FAIL_LOG) VALUES ('11db6e401da34677b1516c8bdbb2f349', '11db6e401da34677b1516c8bdbb2f349', '20190716', '142058', '142109', 10538, '0001', 'admin', '192.168.182.1', '100105', 'com.ruimin.ifs.mng.comp.TblBeChannelAction:queryAll', '执行查询操作:接入系统管理', null, '02', null);
INSERT INTO ifs_biz_log (ID, LOG_ID, TXN_DATE, TXN_START_TIME, TXN_END_TIME, TXN_RUN_TIME, BRCODE, OPRCODE, IP_ADR, FUNCID, OPRTXNCD, TXN_BIZ_LOG1, TXN_BIZ_LOG2, TXN_STATUS, TXN_FAIL_LOG) VALUES ('12a49c48d767484b9763723065da266f', '12a49c48d767484b9763723065da266f', '20190717', '114107', '114107', 131, '0001', 'admin', '192.168.182.1', '100103', 'com.ruimin.ifs.mng.comp.TblBeChannelAction:delete', '操作员 admin 部门 0001 执行 接入系统删除:id=', null, '02', null);
INSERT INTO ifs_biz_log (ID, LOG_ID, TXN_DATE, TXN_START_TIME, TXN_END_TIME, TXN_RUN_TIME, BRCODE, OPRCODE, IP_ADR, FUNCID, OPRTXNCD, TXN_BIZ_LOG1, TXN_BIZ_LOG2, TXN_STATUS, TXN_FAIL_LOG) VALUES ('14785305d7c34e83ac69a034733d21bc', '14785305d7c34e83ac69a034733d21bc', '20190716', '165006', '165020', 14386, '0001', 'admin', '192.168.182.1', '100105', 'com.ruimin.ifs.mng.comp.TblBeChannelAction:save', '操作员 admin 部门 0001 执行 接入系统新增:id=ba1ef7ed27bd41ec9d7195be7a55011d', null, '02', null);
INSERT INTO ifs_biz_log (ID, LOG_ID, TXN_DATE, TXN_START_TIME, TXN_END_TIME, TXN_RUN_TIME, BRCODE, OPRCODE, IP_ADR, FUNCID, OPRTXNCD, TXN_BIZ_LOG1, TXN_BIZ_LOG2, TXN_STATUS, TXN_FAIL_LOG) VALUES ('16233d41f7a14f19ad3a93ba665356fd', '16233d41f7a14f19ad3a93ba665356fd', '20190715', '183222', '183222', 272, '0001', 'admin', '192.168.154.1', '100002', 'com.ruimin.ifs.mng.comp.RoleMngEntryAction:addRoleFunc', '操作员 admin 部门 0001 执行 修改岗位,id=111111', null, '02', null);
INSERT INTO ifs_biz_log (ID, LOG_ID, TXN_DATE, TXN_START_TIME, TXN_END_TIME, TXN_RUN_TIME, BRCODE, OPRCODE, IP_ADR, FUNCID, OPRTXNCD, TXN_BIZ_LOG1, TXN_BIZ_LOG2, TXN_STATUS, TXN_FAIL_LOG) VALUES ('1718d56dcf0144258cb2d91a279c4430', '1718d56dcf0144258cb2d91a279c4430', '20190716', '154448', '154448', 202, '0001', 'admin', '192.168.182.1', '100105', 'com.ruimin.ifs.mng.comp.TblBeChannelAction:queryAll', '执行查询操作:接入系统管理', null, '02', null);
INSERT INTO ifs_biz_log (ID, LOG_ID, TXN_DATE, TXN_START_TIME, TXN_END_TIME, TXN_RUN_TIME, BRCODE, OPRCODE, IP_ADR, FUNCID, OPRTXNCD, TXN_BIZ_LOG1, TXN_BIZ_LOG2, TXN_STATUS, TXN_FAIL_LOG) VALUES ('181abcbb209142c5b8793a1b6c874714', '181abcbb209142c5b8793a1b6c874714', '20190716', '135706', '135707', 110, '0001', 'admin', '192.168.154.1', '100104', 'com.ruimin.ifs.mng.comp.SysParamsSecAction:queryAll', '执行查询操作:系统参数设置', null, '02', null);
INSERT INTO ifs_biz_log (ID, LOG_ID, TXN_DATE, TXN_START_TIME, TXN_END_TIME, TXN_RUN_TIME, BRCODE, OPRCODE, IP_ADR, FUNCID, OPRTXNCD, TXN_BIZ_LOG1, TXN_BIZ_LOG2, TXN_STATUS, TXN_FAIL_LOG) VALUES ('1ec5485907f243e0971b9527550ae096', '1ec5485907f243e0971b9527550ae096', '20190716', '092904', '092904', 205, '0001', 'admin', '192.168.182.1', '100105', 'com.ruimin.ifs.mng.comp.TblBeChannelAction:queryAll', '执行查询操作:接入系统管理', null, '02', null);
INSERT INTO ifs_biz_log (ID, LOG_ID, TXN_DATE, TXN_START_TIME, TXN_END_TIME, TXN_RUN_TIME, BRCODE, OPRCODE, IP_ADR, FUNCID, OPRTXNCD, TXN_BIZ_LOG1, TXN_BIZ_LOG2, TXN_STATUS, TXN_FAIL_LOG) VALUES ('1f0481ba56234262b6ad57b0df5038f9', '1f0481ba56234262b6ad57b0df5038f9', '20190717', '183735', '183735', 171, '0001', 'admin', '192.168.182.1', '100302', 'com.ruimin.ifs.mng.comp.TblBeTradeCfgAction:save', '操作员 admin 部门 0001 执行 交易代码配置信息新增:id=0cb34a7d3f96475b9e0f165929a1d01b', null, '02', null);
INSERT INTO ifs_biz_log (ID, LOG_ID, TXN_DATE, TXN_START_TIME, TXN_END_TIME, TXN_RUN_TIME, BRCODE, OPRCODE, IP_ADR, FUNCID, OPRTXNCD, TXN_BIZ_LOG1, TXN_BIZ_LOG2, TXN_STATUS, TXN_FAIL_LOG) VALUES ('1f9cfed9f8804db7808969ca913bc26f', '1f9cfed9f8804db7808969ca913bc26f', '20190716', '140501', '140506', 4986, '0001', 'admin', '192.168.182.1', '100105', 'com.ruimin.ifs.mng.comp.TblBeChannelAction:queryAll', '执行查询操作:接入系统管理', null, '02', null);
INSERT INTO ifs_biz_log (ID, LOG_ID, TXN_DATE, TXN_START_TIME, TXN_END_TIME, TXN_RUN_TIME, BRCODE, OPRCODE, IP_ADR, FUNCID, OPRTXNCD, TXN_BIZ_LOG1, TXN_BIZ_LOG2, TXN_STATUS, TXN_FAIL_LOG) VALUES ('20634c6a460144cc98d3b85aa24fea2e', '20634c6a460144cc98d3b85aa24fea2e', '20190716', '182918', '182918', 131, '0001', 'admin', '192.168.182.1', '100105', 'com.ruimin.ifs.mng.comp.TblBeChannelAction:delete', '操作员 admin 部门 0001 执行 接入系统删除:id=null', null, '02', null);
INSERT INTO ifs_biz_log (ID, LOG_ID, TXN_DATE, TXN_START_TIME, TXN_END_TIME, TXN_RUN_TIME, BRCODE, OPRCODE, IP_ADR, FUNCID, OPRTXNCD, TXN_BIZ_LOG1, TXN_BIZ_LOG2, TXN_STATUS, TXN_FAIL_LOG) VALUES ('2154fd3d0a7a4ab0bbd78700b11a26ba', '2154fd3d0a7a4ab0bbd78700b11a26ba', '20190716', '150243', '150258', 14819, '0001', 'admin', '192.168.182.1', '100105', 'com.ruimin.ifs.mng.comp.TblBeChannelAction:queryAll', '执行查询操作:接入系统管理', null, '02', null);
INSERT INTO ifs_biz_log (ID, LOG_ID, TXN_DATE, TXN_START_TIME, TXN_END_TIME, TXN_RUN_TIME, BRCODE, OPRCODE, IP_ADR, FUNCID, OPRTXNCD, TXN_BIZ_LOG1, TXN_BIZ_LOG2, TXN_STATUS, TXN_FAIL_LOG) VALUES ('215820332d7f4ff78246dfd3557b92b3', '215820332d7f4ff78246dfd3557b92b3', '20190716', '182901', '182901', 609, '0001', 'admin', '192.168.182.1', '100105', 'com.ruimin.ifs.mng.comp.TblBeChannelAction:queryAll', '执行查询操作:接入系统管理', null, '02', null);
INSERT INTO ifs_biz_log (ID, LOG_ID, TXN_DATE, TXN_START_TIME, TXN_END_TIME, TXN_RUN_TIME, BRCODE, OPRCODE, IP_ADR, FUNCID, OPRTXNCD, TXN_BIZ_LOG1, TXN_BIZ_LOG2, TXN_STATUS, TXN_FAIL_LOG) VALUES ('224abfe7b5874846bb868e3058bc4311', '224abfe7b5874846bb868e3058bc4311', '20190716', '182306', '182306', 551, '0001', 'admin', '192.168.182.1', '100105', 'com.ruimin.ifs.mng.comp.TblBeChannelAction:queryAll', '执行查询操作:接入系统管理', null, '02', null);
INSERT INTO ifs_biz_log (ID, LOG_ID, TXN_DATE, TXN_START_TIME, TXN_END_TIME, TXN_RUN_TIME, BRCODE, OPRCODE, IP_ADR, FUNCID, OPRTXNCD, TXN_BIZ_LOG1, TXN_BIZ_LOG2, TXN_STATUS, TXN_FAIL_LOG) VALUES ('227a5e4a761448f8b5e161ca5015d31f', '227a5e4a761448f8b5e161ca5015d31f', '20190716', '172206', '172206', 153, '0001', 'admin', '192.168.182.1', '100105', 'com.ruimin.ifs.mng.comp.TblBeChannelAction:queryAll', '执行查询操作:接入系统管理', null, '02', null);
INSERT INTO ifs_biz_log (ID, LOG_ID, TXN_DATE, TXN_START_TIME, TXN_END_TIME, TXN_RUN_TIME, BRCODE, OPRCODE, IP_ADR, FUNCID, OPRTXNCD, TXN_BIZ_LOG1, TXN_BIZ_LOG2, TXN_STATUS, TXN_FAIL_LOG) VALUES ('27282f2d9f7d4a8a9690532d2500bb21', '27282f2d9f7d4a8a9690532d2500bb21', '20190716', '180241', '180241', 220, '0001', 'admin', '192.168.182.1', '100105', 'com.ruimin.ifs.mng.comp.TblBeChannelAction:queryAll', '执行查询操作:接入系统管理', null, '02', null);
INSERT INTO ifs_biz_log (ID, LOG_ID, TXN_DATE, TXN_START_TIME, TXN_END_TIME, TXN_RUN_TIME, BRCODE, OPRCODE, IP_ADR, FUNCID, OPRTXNCD, TXN_BIZ_LOG1, TXN_BIZ_LOG2, TXN_STATUS, TXN_FAIL_LOG) VALUES ('291bbec75ba0405ba833ba96cec2366e', '291bbec75ba0405ba833ba96cec2366e', '20190716', '182920', '182920', 195, '0001', 'admin', '192.168.182.1', '100105', 'com.ruimin.ifs.mng.comp.TblBeChannelAction:queryAll', '执行查询操作:接入系统管理', null, '02', null);
INSERT INTO ifs_biz_log (ID, LOG_ID, TXN_DATE, TXN_START_TIME, TXN_END_TIME, TXN_RUN_TIME, BRCODE, OPRCODE, IP_ADR, FUNCID, OPRTXNCD, TXN_BIZ_LOG1, TXN_BIZ_LOG2, TXN_STATUS, TXN_FAIL_LOG) VALUES ('2a6ab8309b694e9ebb757568cd2b9fa2', '2a6ab8309b694e9ebb757568cd2b9fa2', '20190716', '171826', '171826', 185, '0001', 'admin', '192.168.182.1', '100105', 'com.ruimin.ifs.mng.comp.TblBeChannelAction:queryAll', '执行查询操作:接入系统管理', null, '02', null);
INSERT INTO ifs_biz_log (ID, LOG_ID, TXN_DATE, TXN_START_TIME, TXN_END_TIME, TXN_RUN_TIME, BRCODE, OPRCODE, IP_ADR, FUNCID, OPRTXNCD, TXN_BIZ_LOG1, TXN_BIZ_LOG2, TXN_STATUS, TXN_FAIL_LOG) VALUES ('2a804e2dc0ce42a5954d8adf1f569399', '2a804e2dc0ce42a5954d8adf1f569399', '20190715', '191845', '191845', 377, '0001', 'admin', '192.168.182.1', '100105', 'com.ruimin.ifs.mng.comp.SysParamsSecAction:queryAll', '执行查询操作:系统参数设置', null, '02', null);
INSERT INTO ifs_biz_log (ID, LOG_ID, TXN_DATE, TXN_START_TIME, TXN_END_TIME, TXN_RUN_TIME, BRCODE, OPRCODE, IP_ADR, FUNCID, OPRTXNCD, TXN_BIZ_LOG1, TXN_BIZ_LOG2, TXN_STATUS, TXN_FAIL_LOG) VALUES ('2bfa3ee561094395b317e0df0d452238', '2bfa3ee561094395b317e0df0d452238', '20190716', '100758', '100810', 11208, '0001', 'admin', '192.168.182.1', '100105', 'com.ruimin.ifs.mng.comp.TblBeChannelAction:queryAll', '执行查询操作:接入系统管理', null, '02', null);
INSERT INTO ifs_biz_log (ID, LOG_ID, TXN_DATE, TXN_START_TIME, TXN_END_TIME, TXN_RUN_TIME, BRCODE, OPRCODE, IP_ADR, FUNCID, OPRTXNCD, TXN_BIZ_LOG1, TXN_BIZ_LOG2, TXN_STATUS, TXN_FAIL_LOG) VALUES ('2dbe1f24ea174ae0ad62c75105af45db', '2dbe1f24ea174ae0ad62c75105af45db', '20190716', '184024', '184024', 167, '0001', 'admin', '192.168.182.1', '100105', 'com.ruimin.ifs.mng.comp.TblBeChannelAction:queryAll', '执行查询操作:接入系统管理', null, '02', null);
INSERT INTO ifs_biz_log (ID, LOG_ID, TXN_DATE, TXN_START_TIME, TXN_END_TIME, TXN_RUN_TIME, BRCODE, OPRCODE, IP_ADR, FUNCID, OPRTXNCD, TXN_BIZ_LOG1, TXN_BIZ_LOG2, TXN_STATUS, TXN_FAIL_LOG) VALUES ('2e721f52126d4fa6914e05b5c18b0717', '2e721f52126d4fa6914e05b5c18b0717', '20190716', '104735', '104736', 196, '0001', 'admin', '192.168.182.1', '100104', 'com.ruimin.ifs.mng.comp.SysParamsSecAction:queryAll', '执行查询操作:系统参数设置', null, '02', null);
INSERT INTO ifs_biz_log (ID, LOG_ID, TXN_DATE, TXN_START_TIME, TXN_END_TIME, TXN_RUN_TIME, BRCODE, OPRCODE, IP_ADR, FUNCID, OPRTXNCD, TXN_BIZ_LOG1, TXN_BIZ_LOG2, TXN_STATUS, TXN_FAIL_LOG) VALUES ('2efd5a94440346a9ae707402e1ed9693', '2efd5a94440346a9ae707402e1ed9693', '20190716', '181316', '181317', 504, '0001', 'admin', '192.168.182.1', '100105', 'com.ruimin.ifs.mng.comp.TblBeChannelAction:queryAll', '执行查询操作:接入系统管理', null, '02', null);
INSERT INTO ifs_biz_log (ID, LOG_ID, TXN_DATE, TXN_START_TIME, TXN_END_TIME, TXN_RUN_TIME, BRCODE, OPRCODE, IP_ADR, FUNCID, OPRTXNCD, TXN_BIZ_LOG1, TXN_BIZ_LOG2, TXN_STATUS, TXN_FAIL_LOG) VALUES ('2f600be26e9840c3be1f14c7f9bfd953', '2f600be26e9840c3be1f14c7f9bfd953', '20190717', '113559', '113603', 4047, '0001', 'admin', '192.168.182.1', '100103', 'com.ruimin.ifs.mng.comp.TblBeChannelAction:delete', '操作员 admin 部门 0001 执行 接入系统删除:id=b7ba912a11604306b7510a0a2e0484ee', null, '02', null);
INSERT INTO ifs_biz_log (ID, LOG_ID, TXN_DATE, TXN_START_TIME, TXN_END_TIME, TXN_RUN_TIME, BRCODE, OPRCODE, IP_ADR, FUNCID, OPRTXNCD, TXN_BIZ_LOG1, TXN_BIZ_LOG2, TXN_STATUS, TXN_FAIL_LOG) VALUES ('3049a33a881d42ce88ca02536caa72d2', '3049a33a881d42ce88ca02536caa72d2', '20190716', '145916', '145916', 294, '0001', 'admin', '192.168.182.1', '100105', 'com.ruimin.ifs.mng.comp.TblBeChannelAction:queryAll', '执行查询操作:接入系统管理', null, '02', null);
INSERT INTO ifs_biz_log (ID, LOG_ID, TXN_DATE, TXN_START_TIME, TXN_END_TIME, TXN_RUN_TIME, BRCODE, OPRCODE, IP_ADR, FUNCID, OPRTXNCD, TXN_BIZ_LOG1, TXN_BIZ_LOG2, TXN_STATUS, TXN_FAIL_LOG) VALUES ('313009a2582b47edb09a0fda5525d1fa', '313009a2582b47edb09a0fda5525d1fa', '20190716', '163616', '163616', 243, '0001', 'admin', '192.168.182.1', '100105', 'com.ruimin.ifs.mng.comp.TblBeChannelAction:queryAll', '执行查询操作:接入系统管理', null, '02', null);
INSERT INTO ifs_biz_log (ID, LOG_ID, TXN_DATE, TXN_START_TIME, TXN_END_TIME, TXN_RUN_TIME, BRCODE, OPRCODE, IP_ADR, FUNCID, OPRTXNCD, TXN_BIZ_LOG1, TXN_BIZ_LOG2, TXN_STATUS, TXN_FAIL_LOG) VALUES ('31885d03fe6444e18f1945c506f7bce6', '31885d03fe6444e18f1945c506f7bce6', '20190716', '151801', '151801', 476, '0001', 'admin', '192.168.182.1', '100105', 'com.ruimin.ifs.mng.comp.TblBeChannelAction:queryAll', '执行查询操作:接入系统管理', null, '02', null);
INSERT INTO ifs_biz_log (ID, LOG_ID, TXN_DATE, TXN_START_TIME, TXN_END_TIME, TXN_RUN_TIME, BRCODE, OPRCODE, IP_ADR, FUNCID, OPRTXNCD, TXN_BIZ_LOG1, TXN_BIZ_LOG2, TXN_STATUS, TXN_FAIL_LOG) VALUES ('33dfa0055c1d4ef686ed5f7129a055ae', '33dfa0055c1d4ef686ed5f7129a055ae', '20190715', '192009', '192009', 174, '0001', 'admin', '192.168.182.1', '100105', 'com.ruimin.ifs.mng.comp.SysParamsSecAction:queryAll', '执行查询操作:系统参数设置', null, '02', null);
INSERT INTO ifs_biz_log (ID, LOG_ID, TXN_DATE, TXN_START_TIME, TXN_END_TIME, TXN_RUN_TIME, BRCODE, OPRCODE, IP_ADR, FUNCID, OPRTXNCD, TXN_BIZ_LOG1, TXN_BIZ_LOG2, TXN_STATUS, TXN_FAIL_LOG) VALUES ('33e53b33690b495a9a670cacc7ed0dc2', '33e53b33690b495a9a670cacc7ed0dc2', '20190715', '095155', '095156', 295, '0001', 'admin', '192.168.154.1', '100104', 'com.ruimin.ifs.mng.comp.SysParamsSecAction:queryAll', '执行查询操作:系统参数设置', null, '02', null);
INSERT INTO ifs_biz_log (ID, LOG_ID, TXN_DATE, TXN_START_TIME, TXN_END_TIME, TXN_RUN_TIME, BRCODE, OPRCODE, IP_ADR, FUNCID, OPRTXNCD, TXN_BIZ_LOG1, TXN_BIZ_LOG2, TXN_STATUS, TXN_FAIL_LOG) VALUES ('34441660ddc54723b371136f145f3696', '34441660ddc54723b371136f145f3696', '20190716', '091736', '091736', 335, '0001', 'admin', '192.168.182.1', '100105', 'com.ruimin.ifs.mng.comp.TblBeChannelAction:queryAll', '执行查询操作:接入系统管理', null, '02', null);
INSERT INTO ifs_biz_log (ID, LOG_ID, TXN_DATE, TXN_START_TIME, TXN_END_TIME, TXN_RUN_TIME, BRCODE, OPRCODE, IP_ADR, FUNCID, OPRTXNCD, TXN_BIZ_LOG1, TXN_BIZ_LOG2, TXN_STATUS, TXN_FAIL_LOG) VALUES ('354700f894c447f9ae29f093079272e6', '354700f894c447f9ae29f093079272e6', '20190716', '094225', '094259', 34179, '0001', 'admin', '192.168.182.1', '100105', 'com.ruimin.ifs.mng.comp.TblBeChannelAction:queryAll', '执行查询操作:接入系统管理', null, '02', null);
INSERT INTO ifs_biz_log (ID, LOG_ID, TXN_DATE, TXN_START_TIME, TXN_END_TIME, TXN_RUN_TIME, BRCODE, OPRCODE, IP_ADR, FUNCID, OPRTXNCD, TXN_BIZ_LOG1, TXN_BIZ_LOG2, TXN_STATUS, TXN_FAIL_LOG) VALUES ('364808c78f6b4f0a87b46dc5540b62d5', '364808c78f6b4f0a87b46dc5540b62d5', '20190716', '152223', '152223', 183, '0001', 'admin', '192.168.182.1', '100105', 'com.ruimin.ifs.mng.comp.TblBeChannelAction:queryAll', '执行查询操作:接入系统管理', null, '02', null);
INSERT INTO ifs_biz_log (ID, LOG_ID, TXN_DATE, TXN_START_TIME, TXN_END_TIME, TXN_RUN_TIME, BRCODE, OPRCODE, IP_ADR, FUNCID, OPRTXNCD, TXN_BIZ_LOG1, TXN_BIZ_LOG2, TXN_STATUS, TXN_FAIL_LOG) VALUES ('367deaad607843109b981ae1195c75a8', '367deaad607843109b981ae1195c75a8', '20190717', '101958', '101958', 128, '0001', 'admin', '192.168.182.1', '100103', 'com.ruimin.ifs.mng.comp.TblBeChannelAction:update', '操作员 admin 部门 0001 执行 接入系统管理:将接入系统代码chd006 | 发卡系统修改为:{发卡系统}', null, '02', null);
INSERT INTO ifs_biz_log (ID, LOG_ID, TXN_DATE, TXN_START_TIME, TXN_END_TIME, TXN_RUN_TIME, BRCODE, OPRCODE, IP_ADR, FUNCID, OPRTXNCD, TXN_BIZ_LOG1, TXN_BIZ_LOG2, TXN_STATUS, TXN_FAIL_LOG) VALUES ('3799ad19d7624ed89409453f4e6887e7', '3799ad19d7624ed89409453f4e6887e7', '20190716', '175915', '175915', 287, '0001', 'admin', '192.168.182.1', '100105', 'com.ruimin.ifs.mng.comp.TblBeChannelAction:queryAll', '执行查询操作:接入系统管理', null, '02', null);
INSERT INTO ifs_biz_log (ID, LOG_ID, TXN_DATE, TXN_START_TIME, TXN_END_TIME, TXN_RUN_TIME, BRCODE, OPRCODE, IP_ADR, FUNCID, OPRTXNCD, TXN_BIZ_LOG1, TXN_BIZ_LOG2, TXN_STATUS, TXN_FAIL_LOG) VALUES ('3898f0317299446e899a0e1c9eee7966', '3898f0317299446e899a0e1c9eee7966', '20190710', '170752', '170752', 195, '0001', 'admin', '192.168.182.1', '100104', 'com.ruimin.ifs.mng.comp.SysParamsSecAction:queryAll', '执行查询操作:系统参数设置', null, '02', null);
INSERT INTO ifs_biz_log (ID, LOG_ID, TXN_DATE, TXN_START_TIME, TXN_END_TIME, TXN_RUN_TIME, BRCODE, OPRCODE, IP_ADR, FUNCID, OPRTXNCD, TXN_BIZ_LOG1, TXN_BIZ_LOG2, TXN_STATUS, TXN_FAIL_LOG) VALUES ('38b7ed37719f406881e3813139f3d348', '38b7ed37719f406881e3813139f3d348', '20190716', '144528', '144529', 478, '0001', 'admin', '192.168.182.1', '100105', 'com.ruimin.ifs.mng.comp.TblBeChannelAction:queryAll', '执行查询操作:接入系统管理', null, '02', null);
INSERT INTO ifs_biz_log (ID, LOG_ID, TXN_DATE, TXN_START_TIME, TXN_END_TIME, TXN_RUN_TIME, BRCODE, OPRCODE, IP_ADR, FUNCID, OPRTXNCD, TXN_BIZ_LOG1, TXN_BIZ_LOG2, TXN_STATUS, TXN_FAIL_LOG) VALUES ('3c3e75ec4451421d86e964b872645e19', '3c3e75ec4451421d86e964b872645e19', '20190715', '181200', '181201', 83, '0001', 'admin', '192.168.154.1', '100104', 'com.ruimin.ifs.mng.comp.SysParamsSecAction:queryAll', '执行查询操作:系统参数设置', null, '02', null);
INSERT INTO ifs_biz_log (ID, LOG_ID, TXN_DATE, TXN_START_TIME, TXN_END_TIME, TXN_RUN_TIME, BRCODE, OPRCODE, IP_ADR, FUNCID, OPRTXNCD, TXN_BIZ_LOG1, TXN_BIZ_LOG2, TXN_STATUS, TXN_FAIL_LOG) VALUES ('3c73bc1dffbe4405920a970778edfbdf', '3c73bc1dffbe4405920a970778edfbdf', '20190716', '162248', '162248', 195, '0001', 'admin', '192.168.182.1', '100105', 'com.ruimin.ifs.mng.comp.TblBeChannelAction:queryAll', '执行查询操作:接入系统管理', null, '02', null);
INSERT INTO ifs_biz_log (ID, LOG_ID, TXN_DATE, TXN_START_TIME, TXN_END_TIME, TXN_RUN_TIME, BRCODE, OPRCODE, IP_ADR, FUNCID, OPRTXNCD, TXN_BIZ_LOG1, TXN_BIZ_LOG2, TXN_STATUS, TXN_FAIL_LOG) VALUES ('3cfb72b5040e4614a25e1e162cc94726', '3cfb72b5040e4614a25e1e162cc94726', '20190716', '141328', '141332', 4354, '0001', 'admin', '192.168.182.1', '100105', 'com.ruimin.ifs.mng.comp.TblBeChannelAction:queryAll', '执行查询操作:接入系统管理', null, '02', null);
INSERT INTO ifs_biz_log (ID, LOG_ID, TXN_DATE, TXN_START_TIME, TXN_END_TIME, TXN_RUN_TIME, BRCODE, OPRCODE, IP_ADR, FUNCID, OPRTXNCD, TXN_BIZ_LOG1, TXN_BIZ_LOG2, TXN_STATUS, TXN_FAIL_LOG) VALUES ('3e9d02ff25a54939aeb151bec078d5e6', '3e9d02ff25a54939aeb151bec078d5e6', '20190716', '150949', '150953', 4067, '0001', 'admin', '192.168.182.1', '100105', 'com.ruimin.ifs.mng.comp.TblBeChannelAction:queryAll', '执行查询操作:接入系统管理', null, '02', null);
INSERT INTO ifs_biz_log (ID, LOG_ID, TXN_DATE, TXN_START_TIME, TXN_END_TIME, TXN_RUN_TIME, BRCODE, OPRCODE, IP_ADR, FUNCID, OPRTXNCD, TXN_BIZ_LOG1, TXN_BIZ_LOG2, TXN_STATUS, TXN_FAIL_LOG) VALUES ('46d33de9d8994f928003bdc6430006f8', '46d33de9d8994f928003bdc6430006f8', '20190716', '163128', '163131', 3141, '0001', 'admin', '192.168.182.1', '100105', 'com.ruimin.ifs.mng.comp.TblBeChannelAction:save', '操作员 admin 部门 0001 执行 接入系统新增:id=81a0ce73cf5847a4900fad0b3383643e', null, '02', null);
INSERT INTO ifs_biz_log (ID, LOG_ID, TXN_DATE, TXN_START_TIME, TXN_END_TIME, TXN_RUN_TIME, BRCODE, OPRCODE, IP_ADR, FUNCID, OPRTXNCD, TXN_BIZ_LOG1, TXN_BIZ_LOG2, TXN_STATUS, TXN_FAIL_LOG) VALUES ('47ff75d470914605ab5f4474dba06cbe', '47ff75d470914605ab5f4474dba06cbe', '20190715', '180834', '180834', 169, '0001', 'admin', '192.168.154.1', '100104', 'com.ruimin.ifs.mng.comp.SysParamsSecAction:queryAll', '执行查询操作:系统参数设置', null, '02', null);
INSERT INTO ifs_biz_log (ID, LOG_ID, TXN_DATE, TXN_START_TIME, TXN_END_TIME, TXN_RUN_TIME, BRCODE, OPRCODE, IP_ADR, FUNCID, OPRTXNCD, TXN_BIZ_LOG1, TXN_BIZ_LOG2, TXN_STATUS, TXN_FAIL_LOG) VALUES ('489203e493d140f299de8d11812a553a', '489203e493d140f299de8d11812a553a', '20190716', '175349', '175349', 228, '0001', 'admin', '192.168.182.1', '100105', 'com.ruimin.ifs.mng.comp.TblBeChannelAction:queryAll', '执行查询操作:接入系统管理', null, '02', null);
INSERT INTO ifs_biz_log (ID, LOG_ID, TXN_DATE, TXN_START_TIME, TXN_END_TIME, TXN_RUN_TIME, BRCODE, OPRCODE, IP_ADR, FUNCID, OPRTXNCD, TXN_BIZ_LOG1, TXN_BIZ_LOG2, TXN_STATUS, TXN_FAIL_LOG) VALUES ('48d52fa468b040c9b07d88694d3bbc6f', '48d52fa468b040c9b07d88694d3bbc6f', '20190716', '093840', '093854', 13411, '0001', 'admin', '192.168.182.1', '100105', 'com.ruimin.ifs.mng.comp.TblBeChannelAction:queryAll', '执行查询操作:接入系统管理', null, '02', null);
INSERT INTO ifs_biz_log (ID, LOG_ID, TXN_DATE, TXN_START_TIME, TXN_END_TIME, TXN_RUN_TIME, BRCODE, OPRCODE, IP_ADR, FUNCID, OPRTXNCD, TXN_BIZ_LOG1, TXN_BIZ_LOG2, TXN_STATUS, TXN_FAIL_LOG) VALUES ('48ee6cb45fe3409191abe6a7af56fcee', '48ee6cb45fe3409191abe6a7af56fcee', '20190716', '163551', '163551', 504, '0001', 'admin', '192.168.182.1', '100105', 'com.ruimin.ifs.mng.comp.TblBeChannelAction:queryAll', '执行查询操作:接入系统管理', null, '02', null);
INSERT INTO ifs_biz_log (ID, LOG_ID, TXN_DATE, TXN_START_TIME, TXN_END_TIME, TXN_RUN_TIME, BRCODE, OPRCODE, IP_ADR, FUNCID, OPRTXNCD, TXN_BIZ_LOG1, TXN_BIZ_LOG2, TXN_STATUS, TXN_FAIL_LOG) VALUES ('48fbeac04bed418991d160109e3f58d1', '48fbeac04bed418991d160109e3f58d1', '20190717', '124353', '124353', 94, '0001', 'admin', '192.168.1.104', '100104', 'com.ruimin.ifs.mng.comp.DataDicEntryAction:saveOrUpdate1', '操作员 admin 部门 0001 执行 数据字典新增:id=cac5b659bcf14f4487fcd081d95f256b', null, '02', null);
INSERT INTO ifs_biz_log (ID, LOG_ID, TXN_DATE, TXN_START_TIME, TXN_END_TIME, TXN_RUN_TIME, BRCODE, OPRCODE, IP_ADR, FUNCID, OPRTXNCD, TXN_BIZ_LOG1, TXN_BIZ_LOG2, TXN_STATUS, TXN_FAIL_LOG) VALUES ('4a901f85cf9d4eba9bc1c3270de3c841', '4a901f85cf9d4eba9bc1c3270de3c841', '20190715', '154440', '154440', 290, '0001', 'admin', '192.168.182.1', '100104', 'com.ruimin.ifs.mng.comp.SysParamsSecAction:queryAll', '执行查询操作:系统参数设置', null, '02', null);
INSERT INTO ifs_biz_log (ID, LOG_ID, TXN_DATE, TXN_START_TIME, TXN_END_TIME, TXN_RUN_TIME, BRCODE, OPRCODE, IP_ADR, FUNCID, OPRTXNCD, TXN_BIZ_LOG1, TXN_BIZ_LOG2, TXN_STATUS, TXN_FAIL_LOG) VALUES ('4c124d94e589428d920631d834698edb', '4c124d94e589428d920631d834698edb', '20190716', '172207', '172208', 151, '0001', 'admin', '192.168.182.1', '100105', 'com.ruimin.ifs.mng.comp.TblBeChannelAction:queryAll', '执行查询操作:接入系统管理', null, '02', null);
INSERT INTO ifs_biz_log (ID, LOG_ID, TXN_DATE, TXN_START_TIME, TXN_END_TIME, TXN_RUN_TIME, BRCODE, OPRCODE, IP_ADR, FUNCID, OPRTXNCD, TXN_BIZ_LOG1, TXN_BIZ_LOG2, TXN_STATUS, TXN_FAIL_LOG) VALUES ('4cbdd694413143108a9a9d293589b5e7', '4cbdd694413143108a9a9d293589b5e7', '20190716', '170049', '170057', 7721, '0001', 'admin', '192.168.182.1', '100105', 'com.ruimin.ifs.mng.comp.TblBeChannelAction:update', '操作员 admin 部门 0001 执行 接入系统管理:将接入系统代码chd002 | 电票系统他修改为:{电票系统他}', null, '02', null);
INSERT INTO ifs_biz_log (ID, LOG_ID, TXN_DATE, TXN_START_TIME, TXN_END_TIME, TXN_RUN_TIME, BRCODE, OPRCODE, IP_ADR, FUNCID, OPRTXNCD, TXN_BIZ_LOG1, TXN_BIZ_LOG2, TXN_STATUS, TXN_FAIL_LOG) VALUES ('4dac871f0dda43d6a0b052c54c23baa3', '4dac871f0dda43d6a0b052c54c23baa3', '20190717', '172840', '172840', 357, '0001', 'admin', '192.168.182.1', '100102', 'com.ruimin.ifs.mng.comp.SysParamsSecAction:queryAll', '执行查询操作:系统参数设置', null, '02', null);
INSERT INTO ifs_biz_log (ID, LOG_ID, TXN_DATE, TXN_START_TIME, TXN_END_TIME, TXN_RUN_TIME, BRCODE, OPRCODE, IP_ADR, FUNCID, OPRTXNCD, TXN_BIZ_LOG1, TXN_BIZ_LOG2, TXN_STATUS, TXN_FAIL_LOG) VALUES ('505398a6acfe44429334bb5e19212255', '505398a6acfe44429334bb5e19212255', '20190717', '124411', '124411', 186, '0001', 'admin', '192.168.1.104', '100104', 'com.ruimin.ifs.mng.comp.DataDicEntryAction:saveOrUpdate', '操作员 admin 部门 0001 执行 数据字典修改:id=cac5b659bcf14f4487fcd081d95f256b', null, '02', null);
INSERT INTO ifs_biz_log (ID, LOG_ID, TXN_DATE, TXN_START_TIME, TXN_END_TIME, TXN_RUN_TIME, BRCODE, OPRCODE, IP_ADR, FUNCID, OPRTXNCD, TXN_BIZ_LOG1, TXN_BIZ_LOG2, TXN_STATUS, TXN_FAIL_LOG) VALUES ('5086800518084cdabc94e16d37c221f2', '5086800518084cdabc94e16d37c221f2', '20190716', '171818', '171818', 489, '0001', 'admin', '192.168.182.1', '100105', 'com.ruimin.ifs.mng.comp.TblBeChannelAction:queryAll', '执行查询操作:接入系统管理', null, '02', null);
INSERT INTO ifs_biz_log (ID, LOG_ID, TXN_DATE, TXN_START_TIME, TXN_END_TIME, TXN_RUN_TIME, BRCODE, OPRCODE, IP_ADR, FUNCID, OPRTXNCD, TXN_BIZ_LOG1, TXN_BIZ_LOG2, TXN_STATUS, TXN_FAIL_LOG) VALUES ('51a9ca237bf340a2bc52cba028925f5d', '51a9ca237bf340a2bc52cba028925f5d', '20190715', '181218', '181218', 314, '0001', 'admin', '192.168.182.1', '100002', 'com.ruimin.ifs.mng.comp.RoleMngEntryAction:addRoleFunc', '操作员 admin 部门 0001 执行 修改岗位,id=111111', null, '02', null);
INSERT INTO ifs_biz_log (ID, LOG_ID, TXN_DATE, TXN_START_TIME, TXN_END_TIME, TXN_RUN_TIME, BRCODE, OPRCODE, IP_ADR, FUNCID, OPRTXNCD, TXN_BIZ_LOG1, TXN_BIZ_LOG2, TXN_STATUS, TXN_FAIL_LOG) VALUES ('5262671d037b4727bc84b6bf7c2428b5', '5262671d037b4727bc84b6bf7c2428b5', '20190716', '163652', '163656', 4169, '0001', 'admin', '192.168.182.1', '100105', 'com.ruimin.ifs.mng.comp.TblBeChannelAction:save', '操作员 admin 部门 0001 执行 接入系统新增:id=ff6f259868204f649c9c91229f03ac63', null, '02', null);
INSERT INTO ifs_biz_log (ID, LOG_ID, TXN_DATE, TXN_START_TIME, TXN_END_TIME, TXN_RUN_TIME, BRCODE, OPRCODE, IP_ADR, FUNCID, OPRTXNCD, TXN_BIZ_LOG1, TXN_BIZ_LOG2, TXN_STATUS, TXN_FAIL_LOG) VALUES ('528e7c077ceb40059e3448cb6f1fa373', '528e7c077ceb40059e3448cb6f1fa373', '20190716', '145735', '145735', 219, '0001', 'admin', '192.168.182.1', '100105', 'com.ruimin.ifs.mng.comp.TblBeChannelAction:queryAll', '执行查询操作:接入系统管理', null, '02', null);
INSERT INTO ifs_biz_log (ID, LOG_ID, TXN_DATE, TXN_START_TIME, TXN_END_TIME, TXN_RUN_TIME, BRCODE, OPRCODE, IP_ADR, FUNCID, OPRTXNCD, TXN_BIZ_LOG1, TXN_BIZ_LOG2, TXN_STATUS, TXN_FAIL_LOG) VALUES ('529dbe3caed64fceadec15373cfc789a', '529dbe3caed64fceadec15373cfc789a', '20190716', '170946', '170947', 199, '0001', 'admin', '192.168.182.1', '100105', 'com.ruimin.ifs.mng.comp.TblBeChannelAction:queryAll', '执行查询操作:接入系统管理', null, '02', null);
INSERT INTO ifs_biz_log (ID, LOG_ID, TXN_DATE, TXN_START_TIME, TXN_END_TIME, TXN_RUN_TIME, BRCODE, OPRCODE, IP_ADR, FUNCID, OPRTXNCD, TXN_BIZ_LOG1, TXN_BIZ_LOG2, TXN_STATUS, TXN_FAIL_LOG) VALUES ('535f615ead624cebbca18810cebef212', '535f615ead624cebbca18810cebef212', '20190716', '190241', '190241', 253, '0001', 'admin', '192.168.182.1', '100105', 'com.ruimin.ifs.mng.comp.TblBeChannelAction:queryAll', '执行查询操作:接入系统管理', null, '02', null);
INSERT INTO ifs_biz_log (ID, LOG_ID, TXN_DATE, TXN_START_TIME, TXN_END_TIME, TXN_RUN_TIME, BRCODE, OPRCODE, IP_ADR, FUNCID, OPRTXNCD, TXN_BIZ_LOG1, TXN_BIZ_LOG2, TXN_STATUS, TXN_FAIL_LOG) VALUES ('53f42c7ec3f9491489776b8a2b7ba849', '53f42c7ec3f9491489776b8a2b7ba849', '20190716', '173117', '173117', 432, '0001', 'admin', '192.168.182.1', '100104', 'com.ruimin.ifs.mng.comp.SysParamsSecAction:queryAll', '执行查询操作:系统参数设置', null, '02', null);
INSERT INTO ifs_biz_log (ID, LOG_ID, TXN_DATE, TXN_START_TIME, TXN_END_TIME, TXN_RUN_TIME, BRCODE, OPRCODE, IP_ADR, FUNCID, OPRTXNCD, TXN_BIZ_LOG1, TXN_BIZ_LOG2, TXN_STATUS, TXN_FAIL_LOG) VALUES ('540401a6abe843f39b858b85a840156e', '540401a6abe843f39b858b85a840156e', '20190717', '181047', '181047', 223, '0001', 'admin', '192.168.154.1', '100102', 'com.ruimin.ifs.mng.comp.SysParamsSecAction:queryAll', '执行查询操作:系统参数设置', null, '02', null);
INSERT INTO ifs_biz_log (ID, LOG_ID, TXN_DATE, TXN_START_TIME, TXN_END_TIME, TXN_RUN_TIME, BRCODE, OPRCODE, IP_ADR, FUNCID, OPRTXNCD, TXN_BIZ_LOG1, TXN_BIZ_LOG2, TXN_STATUS, TXN_FAIL_LOG) VALUES ('54787fd38d5848a0ba307360cf2c28ce', '54787fd38d5848a0ba307360cf2c28ce', '20190716', '134448', '134449', 392, '0001', 'admin', '192.168.182.1', '100002', 'com.ruimin.ifs.mng.comp.RoleMngEntryAction:addRoleFunc', '操作员 admin 部门 0001 执行 修改岗位,id=111111', null, '02', null);
INSERT INTO ifs_biz_log (ID, LOG_ID, TXN_DATE, TXN_START_TIME, TXN_END_TIME, TXN_RUN_TIME, BRCODE, OPRCODE, IP_ADR, FUNCID, OPRTXNCD, TXN_BIZ_LOG1, TXN_BIZ_LOG2, TXN_STATUS, TXN_FAIL_LOG) VALUES ('54e5c23decd0402fba2af95ff595752d', '54e5c23decd0402fba2af95ff595752d', '20190716', '192552', '192552', 126, '0001', 'admin', '192.168.182.1', '100105', 'com.ruimin.ifs.mng.comp.TblBeChannelAction:delete', '操作员 admin 部门 0001 执行 接入系统删除:id=null', null, '02', null);
INSERT INTO ifs_biz_log (ID, LOG_ID, TXN_DATE, TXN_START_TIME, TXN_END_TIME, TXN_RUN_TIME, BRCODE, OPRCODE, IP_ADR, FUNCID, OPRTXNCD, TXN_BIZ_LOG1, TXN_BIZ_LOG2, TXN_STATUS, TXN_FAIL_LOG) VALUES ('56814c2398b14cd8afc9a8f5a0ddf34b', '56814c2398b14cd8afc9a8f5a0ddf34b', '20190717', '113502', '113504', 2397, '0001', 'admin', '192.168.182.1', '100103', 'com.ruimin.ifs.mng.comp.TblBeChannelAction:save', '操作员 admin 部门 0001 执行 接入系统新增:id=7882534822bf45b697025804d4a02f45', null, '02', null);
INSERT INTO ifs_biz_log (ID, LOG_ID, TXN_DATE, TXN_START_TIME, TXN_END_TIME, TXN_RUN_TIME, BRCODE, OPRCODE, IP_ADR, FUNCID, OPRTXNCD, TXN_BIZ_LOG1, TXN_BIZ_LOG2, TXN_STATUS, TXN_FAIL_LOG) VALUES ('5703a4a75fb243aea79e705d963f3c88', '5703a4a75fb243aea79e705d963f3c88', '20190717', '124106', '124106', 102, '0001', 'admin', '192.168.1.104', '100104', 'com.ruimin.ifs.mng.comp.DataDicEntryAction:saveOrUpdate1', '操作员 admin 部门 0001 执行 数据字典新增:id=9631f9bfbbb543919f29f55a52f7e3f0', null, '02', null);
INSERT INTO ifs_biz_log (ID, LOG_ID, TXN_DATE, TXN_START_TIME, TXN_END_TIME, TXN_RUN_TIME, BRCODE, OPRCODE, IP_ADR, FUNCID, OPRTXNCD, TXN_BIZ_LOG1, TXN_BIZ_LOG2, TXN_STATUS, TXN_FAIL_LOG) VALUES ('5778099442bd4851b77851b4ce3f9fe3', '5778099442bd4851b77851b4ce3f9fe3', '20190716', '155729', '155903', 94067, '0001', 'admin', '192.168.182.1', '100105', 'com.ruimin.ifs.mng.comp.TblBeChannelAction:saveOrUpdate', '操作员 admin 部门 0001 执行 接入系统管理:将接入系统代码dfdsaf | afadsf修改为:{afadsf}', null, '02', null);
INSERT INTO ifs_biz_log (ID, LOG_ID, TXN_DATE, TXN_START_TIME, TXN_END_TIME, TXN_RUN_TIME, BRCODE, OPRCODE, IP_ADR, FUNCID, OPRTXNCD, TXN_BIZ_LOG1, TXN_BIZ_LOG2, TXN_STATUS, TXN_FAIL_LOG) VALUES ('597cc6a561e241478989b589ab0420e4', '597cc6a561e241478989b589ab0420e4', '20190716', '182318', '182318', 154, '0001', 'admin', '192.168.182.1', '100105', 'com.ruimin.ifs.mng.comp.TblBeChannelAction:delete', '操作员 admin 部门 0001 执行 接入系统删除:id=null', null, '02', null);
INSERT INTO ifs_biz_log (ID, LOG_ID, TXN_DATE, TXN_START_TIME, TXN_END_TIME, TXN_RUN_TIME, BRCODE, OPRCODE, IP_ADR, FUNCID, OPRTXNCD, TXN_BIZ_LOG1, TXN_BIZ_LOG2, TXN_STATUS, TXN_FAIL_LOG) VALUES ('5aa4d1378e34472d8e5dbb0db696bad6', '5aa4d1378e34472d8e5dbb0db696bad6', '20190716', '172208', '172208', 142, '0001', 'admin', '192.168.182.1', '100105', 'com.ruimin.ifs.mng.comp.TblBeChannelAction:queryAll', '执行查询操作:接入系统管理', null, '02', null);
INSERT INTO ifs_biz_log (ID, LOG_ID, TXN_DATE, TXN_START_TIME, TXN_END_TIME, TXN_RUN_TIME, BRCODE, OPRCODE, IP_ADR, FUNCID, OPRTXNCD, TXN_BIZ_LOG1, TXN_BIZ_LOG2, TXN_STATUS, TXN_FAIL_LOG) VALUES ('5b44591f3f8447ab9c4cb12df2f7b3c5', '5b44591f3f8447ab9c4cb12df2f7b3c5', '20190717', '164636', '164636', 193, '0001', 'admin', '192.168.154.1', '100102', 'com.ruimin.ifs.mng.comp.SysParamsSecAction:queryAll', '执行查询操作:系统参数设置', null, '02', null);
INSERT INTO ifs_biz_log (ID, LOG_ID, TXN_DATE, TXN_START_TIME, TXN_END_TIME, TXN_RUN_TIME, BRCODE, OPRCODE, IP_ADR, FUNCID, OPRTXNCD, TXN_BIZ_LOG1, TXN_BIZ_LOG2, TXN_STATUS, TXN_FAIL_LOG) VALUES ('5c5c158d3a54491b8f123f160f6226e7', '5c5c158d3a54491b8f123f160f6226e7', '20190716', '162144', '162145', 480, '0001', 'admin', '192.168.182.1', '100105', 'com.ruimin.ifs.mng.comp.TblBeChannelAction:queryAll', '执行查询操作:接入系统管理', null, '02', null);
INSERT INTO ifs_biz_log (ID, LOG_ID, TXN_DATE, TXN_START_TIME, TXN_END_TIME, TXN_RUN_TIME, BRCODE, OPRCODE, IP_ADR, FUNCID, OPRTXNCD, TXN_BIZ_LOG1, TXN_BIZ_LOG2, TXN_STATUS, TXN_FAIL_LOG) VALUES ('5e86bcf7fe754d30a1a3fb4d426a3bba', '5e86bcf7fe754d30a1a3fb4d426a3bba', '20190716', '112910', '112910', 103, '0001', 'admin', '192.168.154.1', '100104', 'com.ruimin.ifs.mng.comp.SysParamsSecAction:queryAll', '执行查询操作:系统参数设置', null, '02', null);
INSERT INTO ifs_biz_log (ID, LOG_ID, TXN_DATE, TXN_START_TIME, TXN_END_TIME, TXN_RUN_TIME, BRCODE, OPRCODE, IP_ADR, FUNCID, OPRTXNCD, TXN_BIZ_LOG1, TXN_BIZ_LOG2, TXN_STATUS, TXN_FAIL_LOG) VALUES ('5fbe9a23786445bcaf27e1c36faf99bf', '5fbe9a23786445bcaf27e1c36faf99bf', '20190716', '171824', '171824', 123, '0001', 'admin', '192.168.182.1', '100105', 'com.ruimin.ifs.mng.comp.TblBeChannelAction:delete', '操作员 admin 部门 0001 执行 接入系统删除:id=null', null, '02', null);
INSERT INTO ifs_biz_log (ID, LOG_ID, TXN_DATE, TXN_START_TIME, TXN_END_TIME, TXN_RUN_TIME, BRCODE, OPRCODE, IP_ADR, FUNCID, OPRTXNCD, TXN_BIZ_LOG1, TXN_BIZ_LOG2, TXN_STATUS, TXN_FAIL_LOG) VALUES ('5fc3057ca49448b9911b43209ed84dff', '5fc3057ca49448b9911b43209ed84dff', '20190716', '110140', '110140', 169, '0001', 'admin', '192.168.182.1', '100105', 'com.ruimin.ifs.mng.comp.TblBeChannelAction:queryAll', '执行查询操作:接入系统管理', null, '02', null);
INSERT INTO ifs_biz_log (ID, LOG_ID, TXN_DATE, TXN_START_TIME, TXN_END_TIME, TXN_RUN_TIME, BRCODE, OPRCODE, IP_ADR, FUNCID, OPRTXNCD, TXN_BIZ_LOG1, TXN_BIZ_LOG2, TXN_STATUS, TXN_FAIL_LOG) VALUES ('61d44d309d6f4315ae4bcf712be47afc', '61d44d309d6f4315ae4bcf712be47afc', '20190716', '154507', '154507', 169, '0001', 'admin', '192.168.182.1', '100105', 'com.ruimin.ifs.mng.comp.TblBeChannelAction:saveOrUpdate', '操作员 admin 部门 0001 执行 接入系统管理:将接入系统代码 | 修改为:{}', null, '02', null);
INSERT INTO ifs_biz_log (ID, LOG_ID, TXN_DATE, TXN_START_TIME, TXN_END_TIME, TXN_RUN_TIME, BRCODE, OPRCODE, IP_ADR, FUNCID, OPRTXNCD, TXN_BIZ_LOG1, TXN_BIZ_LOG2, TXN_STATUS, TXN_FAIL_LOG) VALUES ('6320f61f8f654501a9ab197fb2e61f4f', '6320f61f8f654501a9ab197fb2e61f4f', '20190716', '172131', '172131', 181, '0001', 'admin', '192.168.182.1', '100105', 'com.ruimin.ifs.mng.comp.TblBeChannelAction:queryAll', '执行查询操作:接入系统管理', null, '02', null);
INSERT INTO ifs_biz_log (ID, LOG_ID, TXN_DATE, TXN_START_TIME, TXN_END_TIME, TXN_RUN_TIME, BRCODE, OPRCODE, IP_ADR, FUNCID, OPRTXNCD, TXN_BIZ_LOG1, TXN_BIZ_LOG2, TXN_STATUS, TXN_FAIL_LOG) VALUES ('681c03418e834d9991f1259541ddded9', '681c03418e834d9991f1259541ddded9', '20190717', '102623', '102623', 155, '0001', 'admin', '192.168.182.1', '100103', 'com.ruimin.ifs.mng.comp.TblBeChannelAction:update', '操作员 admin 部门 0001 执行 接入系统管理:将接入系统代码chd007 | 阿里巴巴支付宝修改为:{阿里巴巴支付宝}', null, '02', null);
INSERT INTO ifs_biz_log (ID, LOG_ID, TXN_DATE, TXN_START_TIME, TXN_END_TIME, TXN_RUN_TIME, BRCODE, OPRCODE, IP_ADR, FUNCID, OPRTXNCD, TXN_BIZ_LOG1, TXN_BIZ_LOG2, TXN_STATUS, TXN_FAIL_LOG) VALUES ('69f43d6d9e5c495290aa7289e96065fe', '69f43d6d9e5c495290aa7289e96065fe', '20190716', '145002', '145003', 255, '0001', 'admin', '192.168.182.1', '100105', 'com.ruimin.ifs.mng.comp.TblBeChannelAction:queryAll', '执行查询操作:接入系统管理', null, '02', null);
INSERT INTO ifs_biz_log (ID, LOG_ID, TXN_DATE, TXN_START_TIME, TXN_END_TIME, TXN_RUN_TIME, BRCODE, OPRCODE, IP_ADR, FUNCID, OPRTXNCD, TXN_BIZ_LOG1, TXN_BIZ_LOG2, TXN_STATUS, TXN_FAIL_LOG) VALUES ('6a757ccdf4874f91ada7b3d877f5066a', '6a757ccdf4874f91ada7b3d877f5066a', '20190716', '164831', '164832', 518, '0001', 'admin', '192.168.182.1', '100105', 'com.ruimin.ifs.mng.comp.TblBeChannelAction:queryAll', '执行查询操作:接入系统管理', null, '02', null);
INSERT INTO ifs_biz_log (ID, LOG_ID, TXN_DATE, TXN_START_TIME, TXN_END_TIME, TXN_RUN_TIME, BRCODE, OPRCODE, IP_ADR, FUNCID, OPRTXNCD, TXN_BIZ_LOG1, TXN_BIZ_LOG2, TXN_STATUS, TXN_FAIL_LOG) VALUES ('6ad1f7a6bc354f77b1caf4cf53bcdb46', '6ad1f7a6bc354f77b1caf4cf53bcdb46', '20190716', '182333', '182333', 173, '0001', 'admin', '192.168.182.1', '100105', 'com.ruimin.ifs.mng.comp.TblBeChannelAction:delete', '操作员 admin 部门 0001 执行 接入系统删除:id=null', null, '02', null);
INSERT INTO ifs_biz_log (ID, LOG_ID, TXN_DATE, TXN_START_TIME, TXN_END_TIME, TXN_RUN_TIME, BRCODE, OPRCODE, IP_ADR, FUNCID, OPRTXNCD, TXN_BIZ_LOG1, TXN_BIZ_LOG2, TXN_STATUS, TXN_FAIL_LOG) VALUES ('6b79934c9bc0433192c4f6696d8376a3', '6b79934c9bc0433192c4f6696d8376a3', '20190716', '145736', '145737', 220, '0001', 'admin', '192.168.182.1', '100105', 'com.ruimin.ifs.mng.comp.TblBeChannelAction:queryAll', '执行查询操作:接入系统管理', null, '02', null);
INSERT INTO ifs_biz_log (ID, LOG_ID, TXN_DATE, TXN_START_TIME, TXN_END_TIME, TXN_RUN_TIME, BRCODE, OPRCODE, IP_ADR, FUNCID, OPRTXNCD, TXN_BIZ_LOG1, TXN_BIZ_LOG2, TXN_STATUS, TXN_FAIL_LOG) VALUES ('6be18ac46f4b48ae882ac9aa996b88e9', '6be18ac46f4b48ae882ac9aa996b88e9', '20190716', '154148', '154148', 533, '0001', 'admin', '192.168.182.1', '100105', 'com.ruimin.ifs.mng.comp.TblBeChannelAction:queryAll', '执行查询操作:接入系统管理', null, '02', null);
INSERT INTO ifs_biz_log (ID, LOG_ID, TXN_DATE, TXN_START_TIME, TXN_END_TIME, TXN_RUN_TIME, BRCODE, OPRCODE, IP_ADR, FUNCID, OPRTXNCD, TXN_BIZ_LOG1, TXN_BIZ_LOG2, TXN_STATUS, TXN_FAIL_LOG) VALUES ('6c4337feb600479fab365af17c1f4485', '6c4337feb600479fab365af17c1f4485', '20190716', '162320', '162320', 174, '0001', 'admin', '192.168.182.1', '100105', 'com.ruimin.ifs.mng.comp.TblBeChannelAction:save', '操作员 admin 部门 0001 执行 接入系统新增:id=ea914eba2bcc40399c84922b586c8fa2', null, '02', null);
CREATE TABLE
    IFS_CRON_JOB
    (
        ID VARCHAR(32) NOT NULL,
        JOBNO INTEGER NOT NULL,
        PROCESS_FUNCTION VARCHAR(256) NOT NULL,
        PROCESS_PARAM VARCHAR(512),
        MAXPROC INTEGER,
        RUNTIME CHARACTER(2),
        DAYS_OF_MONTH INTEGER,
        REPEAT_TIME INTEGER,
        REPEAT_CNT INTEGER,
        START_TIME CHARACTER(6),
        END_TIME CHARACTER(6),
        LAST_RUN_TIME CHARACTER(14),
        DUE_TIME CHARACTER(14),
        SUC_FLAG CHARACTER(1),
        FAIL_FLAG CHARACTER(1),
        AUTO CHARACTER(1),
        LOCK_OWN VARCHAR(10),
        DESC0 VARCHAR(128),
        DESC1 VARCHAR(1024),
        DESC2 VARCHAR(1024),
        TIMESTAMPS CHARACTER(14),
        DUALCONTROL_LOCKSTATUS VARCHAR(1),
        CONSTRAINT PK_IFS_CRON_JOB PRIMARY KEY (ID)
    );
INSERT INTO ifs_cron_job (ID, JOBNO, PROCESS_FUNCTION, PROCESS_PARAM, MAXPROC, RUNTIME, DAYS_OF_MONTH, REPEAT_TIME, REPEAT_CNT, START_TIME, END_TIME, LAST_RUN_TIME, DUE_TIME, SUC_FLAG, FAIL_FLAG, AUTO, LOCK_OWN, DESC0, DESC1, DESC2, TIMESTAMPS, DUALCONTROL_LOCKSTATUS) VALUES ('32ee21282eef4bd2911a6bddb536c26e', 1234, 'com.rm.con.test', '', 0, '90', 0, 1, 2, '0800', '1300', null, null, null, null, null, null, '343', null, null, null, null);
CREATE TABLE
    IFS_CRON_JOB_LOG
    (
        ID VARCHAR(32) NOT NULL,
        JOBNO INTEGER NOT NULL,
        SUB_PROCE_FUNCTION VARCHAR(256) NOT NULL,
        EXCUTE_TIME CHARACTER(14),
        EXCUTE_RESULT CHARACTER(1),
        EXCUTE_OWN VARCHAR(10),
        FAIL_FLAG CHARACTER(1),
        SUC_FLAG CHARACTER(1),
        EXCEPTION_MSG VARCHAR(512),
        END_EXCUTE_FLAG CHARACTER(1),
        CONSTRAINT PK_IFS_CRON_JOB_LOG PRIMARY KEY (ID)
    );

CREATE TABLE
    IFS_DATA_DIC
    (
        ID VARCHAR(32) NOT NULL,
        DATA_TYPE_NO VARCHAR(20) NOT NULL,
        DATA_NO VARCHAR(20) NOT NULL,
        DATA_TYPE_NAME VARCHAR(60),
        DATA_NO_LEN INTEGER,
        DATA_NAME VARCHAR(150),
        LIMIT_FLAG CHARACTER(1),
        HIGH_LIMIT VARCHAR(20),
        LOW_LIMIT VARCHAR(40),
        MISCFLGS VARCHAR(20),
        CONSTRAINT PK_IFS_DATA_DIC PRIMARY KEY (ID)
    );
INSERT INTO ifs_data_dic (ID, DATA_TYPE_NO, DATA_NO, DATA_TYPE_NAME, DATA_NO_LEN, DATA_NAME, LIMIT_FLAG, HIGH_LIMIT, LOW_LIMIT, MISCFLGS) VALUES ('1918642f65d94205a25da7d3cf69101c', '200', '1', '报文类型', 5, '报文b', '', '', '', null);
INSERT INTO ifs_data_dic (ID, DATA_TYPE_NO, DATA_NO, DATA_TYPE_NAME, DATA_NO_LEN, DATA_NAME, LIMIT_FLAG, HIGH_LIMIT, LOW_LIMIT, MISCFLGS) VALUES ('3b76fca00ef44ed2aed6ea80367c730d', '200', '3', '报文类型', 5, '报文d', '', '', '', null);
INSERT INTO ifs_data_dic (ID, DATA_TYPE_NO, DATA_NO, DATA_TYPE_NAME, DATA_NO_LEN, DATA_NAME, LIMIT_FLAG, HIGH_LIMIT, LOW_LIMIT, MISCFLGS) VALUES ('3e7274591d1c4eb8ab8dd4ee17c0d927', '115', '0', '银行接口配置：是否签名标志', 1, '否', '', '', '', null);
INSERT INTO ifs_data_dic (ID, DATA_TYPE_NO, DATA_NO, DATA_TYPE_NAME, DATA_NO_LEN, DATA_NAME, LIMIT_FLAG, HIGH_LIMIT, LOW_LIMIT, MISCFLGS) VALUES ('8c67bc4473e94c4eb5c911c1075c3118', '201', '1', '报文处理状态', 5, '正在处理', '', '', '', null);
INSERT INTO ifs_data_dic (ID, DATA_TYPE_NO, DATA_NO, DATA_TYPE_NAME, DATA_NO_LEN, DATA_NAME, LIMIT_FLAG, HIGH_LIMIT, LOW_LIMIT, MISCFLGS) VALUES ('9631f9bfbbb543919f29f55a52f7e3f0', '200', '0', '报文类型', 5, '报文a', '', '', '', null);
INSERT INTO ifs_data_dic (ID, DATA_TYPE_NO, DATA_NO, DATA_TYPE_NAME, DATA_NO_LEN, DATA_NAME, LIMIT_FLAG, HIGH_LIMIT, LOW_LIMIT, MISCFLGS) VALUES ('acf30ab599ec43a08d095b594f0499fa', '116', '1', '银行接口配置：启用状态', 1, '启用', '', '', '', null);
INSERT INTO ifs_data_dic (ID, DATA_TYPE_NO, DATA_NO, DATA_TYPE_NAME, DATA_NO_LEN, DATA_NAME, LIMIT_FLAG, HIGH_LIMIT, LOW_LIMIT, MISCFLGS) VALUES ('baf90925b6004e9189165ae3fa0e1f1b', '116', '0', '银行接口配置：启用状态', 1, '禁用', '', '', '', null);
INSERT INTO ifs_data_dic (ID, DATA_TYPE_NO, DATA_NO, DATA_TYPE_NAME, DATA_NO_LEN, DATA_NAME, LIMIT_FLAG, HIGH_LIMIT, LOW_LIMIT, MISCFLGS) VALUES ('bc9f92eaf8d2440c96029ef5a5499de7', '201', '2', '报文处理状态', 5, '处理完成', '', '', '', null);
INSERT INTO ifs_data_dic (ID, DATA_TYPE_NO, DATA_NO, DATA_TYPE_NAME, DATA_NO_LEN, DATA_NAME, LIMIT_FLAG, HIGH_LIMIT, LOW_LIMIT, MISCFLGS) VALUES ('c8e6b8ea1710461591d17ef995ba3950', '115', '1', '银行接口配置：是否签名标志', 1, '是', '', '', '', null);
INSERT INTO ifs_data_dic (ID, DATA_TYPE_NO, DATA_NO, DATA_TYPE_NAME, DATA_NO_LEN, DATA_NAME, LIMIT_FLAG, HIGH_LIMIT, LOW_LIMIT, MISCFLGS) VALUES ('cac5b659bcf14f4487fcd081d95f256b', '201', '0', '报文处理状态', 5, '未处理', '', '', '', null);
INSERT INTO ifs_data_dic (ID, DATA_TYPE_NO, DATA_NO, DATA_TYPE_NAME, DATA_NO_LEN, DATA_NAME, LIMIT_FLAG, HIGH_LIMIT, LOW_LIMIT, MISCFLGS) VALUES ('ce618daacfdb45ed80eea09c6fd3591f', '200', '2', '报文类型', 5, '报文c', '', '', '', null);
INSERT INTO ifs_data_dic (ID, DATA_TYPE_NO, DATA_NO, DATA_TYPE_NAME, DATA_NO_LEN, DATA_NAME, LIMIT_FLAG, HIGH_LIMIT, LOW_LIMIT, MISCFLGS) VALUES ('IFSSYS001', '100', '0', '是否', 1, '否', null, null, null, null);
INSERT INTO ifs_data_dic (ID, DATA_TYPE_NO, DATA_NO, DATA_TYPE_NAME, DATA_NO_LEN, DATA_NAME, LIMIT_FLAG, HIGH_LIMIT, LOW_LIMIT, MISCFLGS) VALUES ('IFSSYS002', '100', '1', '是否', 1, '是', null, null, null, null);
INSERT INTO ifs_data_dic (ID, DATA_TYPE_NO, DATA_NO, DATA_TYPE_NAME, DATA_NO_LEN, DATA_NAME, LIMIT_FLAG, HIGH_LIMIT, LOW_LIMIT, MISCFLGS) VALUES ('IFSSYS003', '102', '0', '有效标志', 1, '0-无效', null, null, null, null);
INSERT INTO ifs_data_dic (ID, DATA_TYPE_NO, DATA_NO, DATA_TYPE_NAME, DATA_NO_LEN, DATA_NAME, LIMIT_FLAG, HIGH_LIMIT, LOW_LIMIT, MISCFLGS) VALUES ('IFSSYS004', '102', '1', '有效标志', 1, '1-有效', null, null, null, null);
INSERT INTO ifs_data_dic (ID, DATA_TYPE_NO, DATA_NO, DATA_TYPE_NAME, DATA_NO_LEN, DATA_NAME, LIMIT_FLAG, HIGH_LIMIT, LOW_LIMIT, MISCFLGS) VALUES ('IFSSYS005', '105', '1', '机构级别', 1, '1-总行', '0', '0', '0', null);
INSERT INTO ifs_data_dic (ID, DATA_TYPE_NO, DATA_NO, DATA_TYPE_NAME, DATA_NO_LEN, DATA_NAME, LIMIT_FLAG, HIGH_LIMIT, LOW_LIMIT, MISCFLGS) VALUES ('IFSSYS006', '105', '2', '机构级别', 1, '2-分行', '0', '0', '0', null);
INSERT INTO ifs_data_dic (ID, DATA_TYPE_NO, DATA_NO, DATA_TYPE_NAME, DATA_NO_LEN, DATA_NAME, LIMIT_FLAG, HIGH_LIMIT, LOW_LIMIT, MISCFLGS) VALUES ('IFSSYS007', '105', '3', '机构级别', 1, '3-个贷中心', '0', '0', '0', null);
INSERT INTO ifs_data_dic (ID, DATA_TYPE_NO, DATA_NO, DATA_TYPE_NAME, DATA_NO_LEN, DATA_NAME, LIMIT_FLAG, HIGH_LIMIT, LOW_LIMIT, MISCFLGS) VALUES ('IFSSYS008', '105', '5', '机构级别', 1, '5-支行', '0', '0', '0', null);
INSERT INTO ifs_data_dic (ID, DATA_TYPE_NO, DATA_NO, DATA_TYPE_NAME, DATA_NO_LEN, DATA_NAME, LIMIT_FLAG, HIGH_LIMIT, LOW_LIMIT, MISCFLGS) VALUES ('IFSSYS009', '37', '0', '登陆状态', 1, '0-已签退', null, null, null, null);
INSERT INTO ifs_data_dic (ID, DATA_TYPE_NO, DATA_NO, DATA_TYPE_NAME, DATA_NO_LEN, DATA_NAME, LIMIT_FLAG, HIGH_LIMIT, LOW_LIMIT, MISCFLGS) VALUES ('IFSSYS010', '37', '1', '登陆状态', 1, '1-已登陆', null, null, null, null);
INSERT INTO ifs_data_dic (ID, DATA_TYPE_NO, DATA_NO, DATA_TYPE_NAME, DATA_NO_LEN, DATA_NAME, LIMIT_FLAG, HIGH_LIMIT, LOW_LIMIT, MISCFLGS) VALUES ('IFSSYS011', '104', '2', '菜单位置', 1, '上面', null, null, null, null);
INSERT INTO ifs_data_dic (ID, DATA_TYPE_NO, DATA_NO, DATA_TYPE_NAME, DATA_NO_LEN, DATA_NAME, LIMIT_FLAG, HIGH_LIMIT, LOW_LIMIT, MISCFLGS) VALUES ('IFSSYS012', '104', '1', '菜单位置', 1, '左侧', null, null, null, null);
INSERT INTO ifs_data_dic (ID, DATA_TYPE_NO, DATA_NO, DATA_TYPE_NAME, DATA_NO_LEN, DATA_NAME, LIMIT_FLAG, HIGH_LIMIT, LOW_LIMIT, MISCFLGS) VALUES ('IFSSYS013', '103', '2', '资源类型', 1, '目录', null, null, null, null);
INSERT INTO ifs_data_dic (ID, DATA_TYPE_NO, DATA_NO, DATA_TYPE_NAME, DATA_NO_LEN, DATA_NAME, LIMIT_FLAG, HIGH_LIMIT, LOW_LIMIT, MISCFLGS) VALUES ('IFSSYS014', '103', '1', '资源类型', 1, '功能', null, null, null, null);
INSERT INTO ifs_data_dic (ID, DATA_TYPE_NO, DATA_NO, DATA_TYPE_NAME, DATA_NO_LEN, DATA_NAME, LIMIT_FLAG, HIGH_LIMIT, LOW_LIMIT, MISCFLGS) VALUES ('IFSSYS015', '103', '0', '资源类型', 1, '菜单', null, null, null, null);
INSERT INTO ifs_data_dic (ID, DATA_TYPE_NO, DATA_NO, DATA_TYPE_NAME, DATA_NO_LEN, DATA_NAME, LIMIT_FLAG, HIGH_LIMIT, LOW_LIMIT, MISCFLGS) VALUES ('IFSSYS016', '114', '4', '批量导出任务状态', 1, '执行失败', null, null, null, null);
INSERT INTO ifs_data_dic (ID, DATA_TYPE_NO, DATA_NO, DATA_TYPE_NAME, DATA_NO_LEN, DATA_NAME, LIMIT_FLAG, HIGH_LIMIT, LOW_LIMIT, MISCFLGS) VALUES ('IFSSYS017', '114', '1', '批量导出任务状态', 1, '准备执行', null, null, null, null);
INSERT INTO ifs_data_dic (ID, DATA_TYPE_NO, DATA_NO, DATA_TYPE_NAME, DATA_NO_LEN, DATA_NAME, LIMIT_FLAG, HIGH_LIMIT, LOW_LIMIT, MISCFLGS) VALUES ('IFSSYS018', '114', '0', '批量导出任务状态', 1, '初始状态', null, null, null, null);
INSERT INTO ifs_data_dic (ID, DATA_TYPE_NO, DATA_NO, DATA_TYPE_NAME, DATA_NO_LEN, DATA_NAME, LIMIT_FLAG, HIGH_LIMIT, LOW_LIMIT, MISCFLGS) VALUES ('IFSSYS019', '114', '3', '批量导出任务状态', 1, '任务完成', null, null, null, null);
INSERT INTO ifs_data_dic (ID, DATA_TYPE_NO, DATA_NO, DATA_TYPE_NAME, DATA_NO_LEN, DATA_NAME, LIMIT_FLAG, HIGH_LIMIT, LOW_LIMIT, MISCFLGS) VALUES ('IFSSYS020', '114', '2', '批量导出任务状态', 1, '正在执行', null, null, null, null);
CREATE TABLE
    IFS_EXP_TASK_INF
    (
        TSK_ID CHARACTER(36) NOT NULL,
        TSK_NM VARCHAR(50),
        TSK_START_TMS CHARACTER(14),
        TSK_START_OP VARCHAR(40),
        TSK_DESC VARCHAR(60),
        TSK_PARAM1 VARCHAR(2048),
        TSK_PARAM2 VARCHAR(2048),
        TSK_OWNER VARCHAR(40),
        TSK_END_TMS CHARACTER(14),
        TSK_RUN_CLASS CHARACTER(2),
        EXP_FILE_NM VARCHAR(128),
        EXP_RCD_NUM INTEGER,
        EXP_RCD_SUM_NUM INTEGER,
        EXP_FILE_SIZE INTEGER,
        TSK_STAT CHARACTER(1),
        TSK_ERR_MSG VARCHAR(2048),
        CONSTRAINT PK_IFS_EXP_TASK_INF PRIMARY KEY (TSK_ID)
    );
CREATE TABLE
    IFS_LOGIN_LOG
    (
        LOG_ID VARCHAR(32) NOT NULL,
        TLR_NO VARCHAR(20),
        BR_NO VARCHAR(20),
        LOGIN_SUC_TM CHARACTER(14),
        LOGIN_OUT_TM CHARACTER(14),
        LOGIN_FAIL_TM CHARACTER(14),
        LOGIN_ADDR VARCHAR(20),
        LOGIN_REMARK VARCHAR(256),
        SESSION_ID VARCHAR(256),
        CRT_TM CHARACTER(14),
        CONSTRAINT PK_IFS_LOGIN_LOG PRIMARY KEY (LOG_ID)
    );
INSERT INTO ifs_login_log (LOG_ID, TLR_NO, BR_NO, LOGIN_SUC_TM, LOGIN_OUT_TM, LOGIN_FAIL_TM, LOGIN_ADDR, LOGIN_REMARK, SESSION_ID, CRT_TM) VALUES ('00a84471dcf241ceb8756b78af5c366f', 'admin', '123456666666', '20190717145225', null, null, '192.168.1.104', '登录成功', '7E81F2B4108C5AF4EB9417D62FCE5BF6', '20190717145225');
INSERT INTO ifs_login_log (LOG_ID, TLR_NO, BR_NO, LOGIN_SUC_TM, LOGIN_OUT_TM, LOGIN_FAIL_TM, LOGIN_ADDR, LOGIN_REMARK, SESSION_ID, CRT_TM) VALUES ('00b070c4881647d3a0654fc54993be5e', 'admin', '123456666666', '20190715094629', null, null, '192.168.154.1', '登录成功', 'B00CC4C1F114195CC985A4A7F4184EF1', '20190715094629');
INSERT INTO ifs_login_log (LOG_ID, TLR_NO, BR_NO, LOGIN_SUC_TM, LOGIN_OUT_TM, LOGIN_FAIL_TM, LOGIN_ADDR, LOGIN_REMARK, SESSION_ID, CRT_TM) VALUES ('00c4008ecf1f42cda8044b5e57b7e773', 'admin', '123456666666', '20190717103758', null, null, '192.168.1.104', '登录成功', '13929073C3D15BFD63A2B20E49592B9E', '20190717103758');
INSERT INTO ifs_login_log (LOG_ID, TLR_NO, BR_NO, LOGIN_SUC_TM, LOGIN_OUT_TM, LOGIN_FAIL_TM, LOGIN_ADDR, LOGIN_REMARK, SESSION_ID, CRT_TM) VALUES ('018f7cc8a927483880abe7f3ca6c4eda', 'admin', '123456666666', '20190718091231', null, null, '192.168.1.104', '登录成功', '19EC8A03103A36FBB0D919CBCE4B504C', '20190718091231');
INSERT INTO ifs_login_log (LOG_ID, TLR_NO, BR_NO, LOGIN_SUC_TM, LOGIN_OUT_TM, LOGIN_FAIL_TM, LOGIN_ADDR, LOGIN_REMARK, SESSION_ID, CRT_TM) VALUES ('01bcad8fbe25472cb1db25987821b513', 'admin', '123456666666', '20190717172359', null, null, '192.168.1.104', '登录成功', '4D4D3089EB1E51AD8101A939A29C625C', '20190717172359');
INSERT INTO ifs_login_log (LOG_ID, TLR_NO, BR_NO, LOGIN_SUC_TM, LOGIN_OUT_TM, LOGIN_FAIL_TM, LOGIN_ADDR, LOGIN_REMARK, SESSION_ID, CRT_TM) VALUES ('03310670fe324d38aaac8251f8414700', 'admin', '123456666666', '20190717110754', null, null, '192.168.154.1', '登录成功', '760D401FDF0C36D65A32D401F9E0A42A', '20190717110754');
INSERT INTO ifs_login_log (LOG_ID, TLR_NO, BR_NO, LOGIN_SUC_TM, LOGIN_OUT_TM, LOGIN_FAIL_TM, LOGIN_ADDR, LOGIN_REMARK, SESSION_ID, CRT_TM) VALUES ('03cfe9036ad84ac7a1769db73f2df6dc', 'admin', '123456666666', '20190716182854', null, null, '192.168.182.1', '登录成功', '5D14141C72630FC6EB2D48F32EC38C73', '20190716182854');
INSERT INTO ifs_login_log (LOG_ID, TLR_NO, BR_NO, LOGIN_SUC_TM, LOGIN_OUT_TM, LOGIN_FAIL_TM, LOGIN_ADDR, LOGIN_REMARK, SESSION_ID, CRT_TM) VALUES ('04dee76d5eef4ab783968a526bdb6a91', 'admin', '123456666666', '20190716173408', null, null, '192.168.182.1', '登录成功', '7253CEFF27EBD1608755B3280154846A', '20190716173408');
INSERT INTO ifs_login_log (LOG_ID, TLR_NO, BR_NO, LOGIN_SUC_TM, LOGIN_OUT_TM, LOGIN_FAIL_TM, LOGIN_ADDR, LOGIN_REMARK, SESSION_ID, CRT_TM) VALUES ('057085aee7d64f4999414fce7ce82d64', 'admin', null, null, null, '20190717112835', '192.168.182.1', '登录失败:密码错误,您还有5次尝试机会', 'BE920B4D2D8636C51F9D20F6FFCA24B2', '20190717112835');
INSERT INTO ifs_login_log (LOG_ID, TLR_NO, BR_NO, LOGIN_SUC_TM, LOGIN_OUT_TM, LOGIN_FAIL_TM, LOGIN_ADDR, LOGIN_REMARK, SESSION_ID, CRT_TM) VALUES ('065a6bc4fbb14101b6f1d572fc4f2b1a', 'admin', '123456666666', '20190715191314', null, null, '192.168.154.1', '登录成功', '621261336AFF4DE3DF54E693D7F93380', '20190715191314');
INSERT INTO ifs_login_log (LOG_ID, TLR_NO, BR_NO, LOGIN_SUC_TM, LOGIN_OUT_TM, LOGIN_FAIL_TM, LOGIN_ADDR, LOGIN_REMARK, SESSION_ID, CRT_TM) VALUES ('069aef0c10c9412db3b8ce67b8ff4574', 'admin', '123456666666', '20190716093922', null, null, '192.168.154.1', '登录成功', 'FE0DA92DD135C4C63C9A2D0FCC020B9F', '20190716093922');
INSERT INTO ifs_login_log (LOG_ID, TLR_NO, BR_NO, LOGIN_SUC_TM, LOGIN_OUT_TM, LOGIN_FAIL_TM, LOGIN_ADDR, LOGIN_REMARK, SESSION_ID, CRT_TM) VALUES ('071aa5b6164b43c2aaabe18bd4882f66', 'admin', '123456666666', '20190717161400', null, null, '192.168.182.1', '登录成功', '038205EC9CBBF7A01B846112B901369C', '20190717161400');
INSERT INTO ifs_login_log (LOG_ID, TLR_NO, BR_NO, LOGIN_SUC_TM, LOGIN_OUT_TM, LOGIN_FAIL_TM, LOGIN_ADDR, LOGIN_REMARK, SESSION_ID, CRT_TM) VALUES ('083282d6b9dc480c9c453ea70eb3212f', 'admin', '123456666666', '20190716094729', null, null, '192.168.182.1', '登录成功', '16E57EF32A9625E512E15A06F0B0EE0C', '20190716094729');
INSERT INTO ifs_login_log (LOG_ID, TLR_NO, BR_NO, LOGIN_SUC_TM, LOGIN_OUT_TM, LOGIN_FAIL_TM, LOGIN_ADDR, LOGIN_REMARK, SESSION_ID, CRT_TM) VALUES ('087f441d7256486ebffc4d3f8f19fabf', 'admin', '123456666666', '20190717174355', null, null, '192.168.154.1', '登录成功', 'DC8CC0ED53E90CFC11970D349E896460', '20190717174355');
INSERT INTO ifs_login_log (LOG_ID, TLR_NO, BR_NO, LOGIN_SUC_TM, LOGIN_OUT_TM, LOGIN_FAIL_TM, LOGIN_ADDR, LOGIN_REMARK, SESSION_ID, CRT_TM) VALUES ('089577c2134f47f5bda4be647ba48ab2', 'admin', '123456666666', '20190712164941', '20190712175124', null, '192.168.154.1', '用户登出', '0CB16995261DBF5339BF91C31FD3A7B3', '20190712164941');
INSERT INTO ifs_login_log (LOG_ID, TLR_NO, BR_NO, LOGIN_SUC_TM, LOGIN_OUT_TM, LOGIN_FAIL_TM, LOGIN_ADDR, LOGIN_REMARK, SESSION_ID, CRT_TM) VALUES ('0914e8f88188423d8e613e9ac653335e', 'admin', '123456666666', '20190717161608', null, null, '192.168.1.104', '登录成功', 'ECDB04D0EA394D64FDE44D48F86AC15C', '20190717161608');
INSERT INTO ifs_login_log (LOG_ID, TLR_NO, BR_NO, LOGIN_SUC_TM, LOGIN_OUT_TM, LOGIN_FAIL_TM, LOGIN_ADDR, LOGIN_REMARK, SESSION_ID, CRT_TM) VALUES ('09e004f72f024b5599f4098199fc141a', 'admin', '123456666666', '20190717171639', null, null, '192.168.1.104', '登录成功', 'DC0C36B7752B565DBF37BC9031C068E6', '20190717171639');
INSERT INTO ifs_login_log (LOG_ID, TLR_NO, BR_NO, LOGIN_SUC_TM, LOGIN_OUT_TM, LOGIN_FAIL_TM, LOGIN_ADDR, LOGIN_REMARK, SESSION_ID, CRT_TM) VALUES ('09f3bc6b8ebb44feac906c43c9fb0961', 'admin', '123456666666', '20190717181238', null, null, '192.168.1.104', '登录成功', '467A11F1C50B498EA079F7784DA0A4FC', '20190717181238');
INSERT INTO ifs_login_log (LOG_ID, TLR_NO, BR_NO, LOGIN_SUC_TM, LOGIN_OUT_TM, LOGIN_FAIL_TM, LOGIN_ADDR, LOGIN_REMARK, SESSION_ID, CRT_TM) VALUES ('0a39a38679874505822e9f141083e39a', 'admin', '123456666666', '20190716170032', null, null, '192.168.182.1', '登录成功', '01DB642CB132D4F38C593BA093035AB3', '20190716170032');
INSERT INTO ifs_login_log (LOG_ID, TLR_NO, BR_NO, LOGIN_SUC_TM, LOGIN_OUT_TM, LOGIN_FAIL_TM, LOGIN_ADDR, LOGIN_REMARK, SESSION_ID, CRT_TM) VALUES ('0a490b890bb94a19a8db2ea25fc8ae2c', 'admin', '123456666666', '20190715192858', null, null, '192.168.154.1', '登录成功', '44346DF276CA6D5B2B0965F1DBF70D81', '20190715192858');
INSERT INTO ifs_login_log (LOG_ID, TLR_NO, BR_NO, LOGIN_SUC_TM, LOGIN_OUT_TM, LOGIN_FAIL_TM, LOGIN_ADDR, LOGIN_REMARK, SESSION_ID, CRT_TM) VALUES ('0a9d050e2bbb48e8b5ccfb16c8037679', 'admin', '123456666666', '20190717135639', null, null, '192.168.1.104', '登录成功', '14793A4B59244C566A47E36C6A9539E5', '20190717135639');
INSERT INTO ifs_login_log (LOG_ID, TLR_NO, BR_NO, LOGIN_SUC_TM, LOGIN_OUT_TM, LOGIN_FAIL_TM, LOGIN_ADDR, LOGIN_REMARK, SESSION_ID, CRT_TM) VALUES ('0ac823e1cda54b52a9ef7ee314f40199', 'liuxj', null, null, null, '20190715154236', '192.168.182.1', '登录失败:密码错误,您还有4次尝试机会', 'DF83C89B497DCDEC7F9255D1E58BE916', '20190715154236');
INSERT INTO ifs_login_log (LOG_ID, TLR_NO, BR_NO, LOGIN_SUC_TM, LOGIN_OUT_TM, LOGIN_FAIL_TM, LOGIN_ADDR, LOGIN_REMARK, SESSION_ID, CRT_TM) VALUES ('0ae833b6598648cb8805e47cce773e76', 'admin', '123456666666', '20190715200006', null, null, '192.168.182.1', '登录成功', '330668F1685BE00C2840AB105D788E9C', '20190715200006');
INSERT INTO ifs_login_log (LOG_ID, TLR_NO, BR_NO, LOGIN_SUC_TM, LOGIN_OUT_TM, LOGIN_FAIL_TM, LOGIN_ADDR, LOGIN_REMARK, SESSION_ID, CRT_TM) VALUES ('0ba00f989d1b4d8bb384239e057f5b4c', 'admin', '123456666666', '20190716190057', null, null, '192.168.182.1', '登录成功', '253D14279D592938974CBD778941753B', '20190716190057');
INSERT INTO ifs_login_log (LOG_ID, TLR_NO, BR_NO, LOGIN_SUC_TM, LOGIN_OUT_TM, LOGIN_FAIL_TM, LOGIN_ADDR, LOGIN_REMARK, SESSION_ID, CRT_TM) VALUES ('0c7cc7e4ac9e43ad9703416894238357', 'admin', '123456666666', '20190715194018', null, null, '192.168.182.1', '登录成功', '8D1704BF688380A70870AD643D47A45E', '20190715194018');
INSERT INTO ifs_login_log (LOG_ID, TLR_NO, BR_NO, LOGIN_SUC_TM, LOGIN_OUT_TM, LOGIN_FAIL_TM, LOGIN_ADDR, LOGIN_REMARK, SESSION_ID, CRT_TM) VALUES ('0d982099945d4a05b31d40cf802b88a6', 'admin', '123456666666', '20190717163831', null, null, '192.168.1.104', '登录成功', '1153C7A7EA5A628644214F71AF25A524', '20190717163831');
INSERT INTO ifs_login_log (LOG_ID, TLR_NO, BR_NO, LOGIN_SUC_TM, LOGIN_OUT_TM, LOGIN_FAIL_TM, LOGIN_ADDR, LOGIN_REMARK, SESSION_ID, CRT_TM) VALUES ('0e694b0067d7420e8f98986305d0b1be', 'admin', '123456666666', '20190717152550', null, null, '192.168.1.104', '登录成功', '739D0CD838D769509CE586091C942547', '20190717152550');
INSERT INTO ifs_login_log (LOG_ID, TLR_NO, BR_NO, LOGIN_SUC_TM, LOGIN_OUT_TM, LOGIN_FAIL_TM, LOGIN_ADDR, LOGIN_REMARK, SESSION_ID, CRT_TM) VALUES ('0e74ac4b068c4df9a67359be37528d87', 'admin', '123456666666', '20190717162911', null, null, '192.168.154.1', '登录成功', '63447DBFC3075839D3C550A4B83EA455', '20190717162911');
INSERT INTO ifs_login_log (LOG_ID, TLR_NO, BR_NO, LOGIN_SUC_TM, LOGIN_OUT_TM, LOGIN_FAIL_TM, LOGIN_ADDR, LOGIN_REMARK, SESSION_ID, CRT_TM) VALUES ('0ef5ac149649490686d5983f50a9467e', 'admin', '123456666666', '20190716103732', null, null, '192.168.154.1', '登录成功', 'D5F9F42F0E915AE8292AB417D360573E', '20190716103732');
INSERT INTO ifs_login_log (LOG_ID, TLR_NO, BR_NO, LOGIN_SUC_TM, LOGIN_OUT_TM, LOGIN_FAIL_TM, LOGIN_ADDR, LOGIN_REMARK, SESSION_ID, CRT_TM) VALUES ('0f8a6b7893f74670b77eea980f838315', 'admin', '123456666666', '20190717143512', null, null, '192.168.1.104', '登录成功', 'D617006F4F6142F4D35DBD21C837C27E', '20190717143512');
INSERT INTO ifs_login_log (LOG_ID, TLR_NO, BR_NO, LOGIN_SUC_TM, LOGIN_OUT_TM, LOGIN_FAIL_TM, LOGIN_ADDR, LOGIN_REMARK, SESSION_ID, CRT_TM) VALUES ('10f5d866e333473da5376e2890c3dad1', 'admin', '123456666666', '20190712163744', null, null, '192.168.154.1', '登录成功', '5CEA0EEFE54CA671F787543F48E8E43D', '20190712163744');
INSERT INTO ifs_login_log (LOG_ID, TLR_NO, BR_NO, LOGIN_SUC_TM, LOGIN_OUT_TM, LOGIN_FAIL_TM, LOGIN_ADDR, LOGIN_REMARK, SESSION_ID, CRT_TM) VALUES ('112a52f22a0a41ef906c74fb5aa504e3', 'admin', '123456666666', '20190711100219', null, null, '192.168.154.1', '登录成功', '74489E42C1255D8CBCB03D47F3A7227D', '20190711100219');
INSERT INTO ifs_login_log (LOG_ID, TLR_NO, BR_NO, LOGIN_SUC_TM, LOGIN_OUT_TM, LOGIN_FAIL_TM, LOGIN_ADDR, LOGIN_REMARK, SESSION_ID, CRT_TM) VALUES ('112fcdc48295472cb9c1937c81e6a3bd', 'admin', '123456666666', '20190717145019', null, null, '192.168.1.104', '登录成功', '290B5145987E6BDD5CDAFBAFF29283F8', '20190717145019');
INSERT INTO ifs_login_log (LOG_ID, TLR_NO, BR_NO, LOGIN_SUC_TM, LOGIN_OUT_TM, LOGIN_FAIL_TM, LOGIN_ADDR, LOGIN_REMARK, SESSION_ID, CRT_TM) VALUES ('14b90892c5bb44f385fd6a4a3039f962', 'admin', '123456666666', '20190717181329', null, null, '192.168.182.1', '登录成功', '45F1912F07F4BEDA582369D47FD680D9', '20190717181329');
INSERT INTO ifs_login_log (LOG_ID, TLR_NO, BR_NO, LOGIN_SUC_TM, LOGIN_OUT_TM, LOGIN_FAIL_TM, LOGIN_ADDR, LOGIN_REMARK, SESSION_ID, CRT_TM) VALUES ('14c27dbc0e3c4d16a9b75fd4b555e584', 'admin', '123456666666', '20190715190211', null, null, '192.168.154.1', '登录成功', 'AB5D011484A17D2B05D1F7593A7B1221', '20190715190211');
INSERT INTO ifs_login_log (LOG_ID, TLR_NO, BR_NO, LOGIN_SUC_TM, LOGIN_OUT_TM, LOGIN_FAIL_TM, LOGIN_ADDR, LOGIN_REMARK, SESSION_ID, CRT_TM) VALUES ('18e8564939ef480996433e783230be6d', 'admin', '123456666666', '20190716091027', null, null, '192.168.154.1', '登录成功', '03260F62FFD040028D2428119C526741', '20190716091027');
INSERT INTO ifs_login_log (LOG_ID, TLR_NO, BR_NO, LOGIN_SUC_TM, LOGIN_OUT_TM, LOGIN_FAIL_TM, LOGIN_ADDR, LOGIN_REMARK, SESSION_ID, CRT_TM) VALUES ('1a0c9c722fbb4b0ab6bb434196ed7e07', 'admin', '123456666666', '20190717124915', null, null, '192.168.1.104', '登录成功', '104B88D07E87ADE44EC1EDC18B8FFB9F', '20190717124915');
INSERT INTO ifs_login_log (LOG_ID, TLR_NO, BR_NO, LOGIN_SUC_TM, LOGIN_OUT_TM, LOGIN_FAIL_TM, LOGIN_ADDR, LOGIN_REMARK, SESSION_ID, CRT_TM) VALUES ('1a924a13cd5d4df49bbc38d4a571bb59', 'admin', '123456666666', '20190715181949', '20190715182047', null, '192.168.182.1', '用户登出', 'CBD1BA0BD512753C2BAFD37B5E110455', '20190715181949');
INSERT INTO ifs_login_log (LOG_ID, TLR_NO, BR_NO, LOGIN_SUC_TM, LOGIN_OUT_TM, LOGIN_FAIL_TM, LOGIN_ADDR, LOGIN_REMARK, SESSION_ID, CRT_TM) VALUES ('1ac1e282f8314ca8a3976dabca7e273c', 'admin', '123456666666', '20190717144203', null, null, '192.168.1.104', '登录成功', 'DC26857E20BC81B87C517916F6DCB2EB', '20190717144203');
INSERT INTO ifs_login_log (LOG_ID, TLR_NO, BR_NO, LOGIN_SUC_TM, LOGIN_OUT_TM, LOGIN_FAIL_TM, LOGIN_ADDR, LOGIN_REMARK, SESSION_ID, CRT_TM) VALUES ('1b007536d281434f85d858f30e605a64', 'admin', '123456666666', '20190716190551', null, null, '192.168.182.1', '登录成功', '808A6CF11811A306D369662AF4F4B85C', '20190716190551');
INSERT INTO ifs_login_log (LOG_ID, TLR_NO, BR_NO, LOGIN_SUC_TM, LOGIN_OUT_TM, LOGIN_FAIL_TM, LOGIN_ADDR, LOGIN_REMARK, SESSION_ID, CRT_TM) VALUES ('1bff28a72aa44d8b8bc5009827ab9253', 'admin', '123456666666', '20190717101916', null, null, '192.168.182.1', '登录成功', 'ACC370EDF683870169FE6AFAD3249397', '20190717101916');
INSERT INTO ifs_login_log (LOG_ID, TLR_NO, BR_NO, LOGIN_SUC_TM, LOGIN_OUT_TM, LOGIN_FAIL_TM, LOGIN_ADDR, LOGIN_REMARK, SESSION_ID, CRT_TM) VALUES ('1d5819dd3f9846b38f201e8314ac5cde', 'admin', '123456666666', '20190717160811', null, null, '192.168.1.104', '登录成功', 'FD64F9F4875DF5943D02CABB925D0D18', '20190717160811');
INSERT INTO ifs_login_log (LOG_ID, TLR_NO, BR_NO, LOGIN_SUC_TM, LOGIN_OUT_TM, LOGIN_FAIL_TM, LOGIN_ADDR, LOGIN_REMARK, SESSION_ID, CRT_TM) VALUES ('1da20e9d482847c1ac367b10f0a65e91', 'admin', '123456666666', '20190717142816', null, null, '192.168.1.104', '登录成功', 'D3DC1D335F9AA89781819D175512BC68', '20190717142816');
INSERT INTO ifs_login_log (LOG_ID, TLR_NO, BR_NO, LOGIN_SUC_TM, LOGIN_OUT_TM, LOGIN_FAIL_TM, LOGIN_ADDR, LOGIN_REMARK, SESSION_ID, CRT_TM) VALUES ('1e2397e2a93f4c8b861abb536dea57f9', 'admin', '123456666666', '20190717164205', null, null, '192.168.154.1', '登录成功', 'CCBC5A8410E055167CE071A017A9583D', '20190717164205');
INSERT INTO ifs_login_log (LOG_ID, TLR_NO, BR_NO, LOGIN_SUC_TM, LOGIN_OUT_TM, LOGIN_FAIL_TM, LOGIN_ADDR, LOGIN_REMARK, SESSION_ID, CRT_TM) VALUES ('1f46895a668e4de9b19bfdc7d841b82c', 'admin', '123456666666', '20190717182145', null, null, '192.168.1.104', '登录成功', 'BD67677AFD7566CD99CD5A4B135BBF1D', '20190717182145');
INSERT INTO ifs_login_log (LOG_ID, TLR_NO, BR_NO, LOGIN_SUC_TM, LOGIN_OUT_TM, LOGIN_FAIL_TM, LOGIN_ADDR, LOGIN_REMARK, SESSION_ID, CRT_TM) VALUES ('1fdad1c279f3420a934ca43620a60130', 'admin', '123456666666', '20190716171238', null, null, '192.168.182.1', '登录成功', 'D85A59538842C71EA7A1F07A45EED348', '20190716171238');
INSERT INTO ifs_login_log (LOG_ID, TLR_NO, BR_NO, LOGIN_SUC_TM, LOGIN_OUT_TM, LOGIN_FAIL_TM, LOGIN_ADDR, LOGIN_REMARK, SESSION_ID, CRT_TM) VALUES ('210630ad93d647f29ebffe6a15b2a31b', 'admin', '123456666666', '20190717174602', null, null, '192.168.1.104', '登录成功', '6CC5549DB27A25D1D46FB393DE3469A3', '20190717174602');
INSERT INTO ifs_login_log (LOG_ID, TLR_NO, BR_NO, LOGIN_SUC_TM, LOGIN_OUT_TM, LOGIN_FAIL_TM, LOGIN_ADDR, LOGIN_REMARK, SESSION_ID, CRT_TM) VALUES ('2124f13b7038479cac5e4c266b1b295a', 'admin', '123456666666', null, null, '20190717160130', '192.168.154.1', '登录失败:系统异常：Unable to parse the date: ', '26F17876CE0510D65F7C306A806A33FE', '20190717160130');
INSERT INTO ifs_login_log (LOG_ID, TLR_NO, BR_NO, LOGIN_SUC_TM, LOGIN_OUT_TM, LOGIN_FAIL_TM, LOGIN_ADDR, LOGIN_REMARK, SESSION_ID, CRT_TM) VALUES ('2133c8014e7c4588a5654036485e4d11', 'admin', '123456666666', '20190716192113', null, null, '192.168.182.1', '登录成功', '4F030F22DB777E37A43B712A3ADA14F4', '20190716192113');
INSERT INTO ifs_login_log (LOG_ID, TLR_NO, BR_NO, LOGIN_SUC_TM, LOGIN_OUT_TM, LOGIN_FAIL_TM, LOGIN_ADDR, LOGIN_REMARK, SESSION_ID, CRT_TM) VALUES ('21b7fcde285f43c4836e4b288f95e7e9', 'admin', '123456666666', '20190716135030', null, null, '192.168.182.1', '登录成功', '756E8869B7F71200B4B7014255B4DC76', '20190716135030');
INSERT INTO ifs_login_log (LOG_ID, TLR_NO, BR_NO, LOGIN_SUC_TM, LOGIN_OUT_TM, LOGIN_FAIL_TM, LOGIN_ADDR, LOGIN_REMARK, SESSION_ID, CRT_TM) VALUES ('21bc4026d05f4d7fb807bd87e67259f2', 'admin', '123456666666', '20190715094140', null, null, '192.168.154.1', '登录成功', 'F935D22C406F284FEB12522B07C55D8E', '20190715094140');
INSERT INTO ifs_login_log (LOG_ID, TLR_NO, BR_NO, LOGIN_SUC_TM, LOGIN_OUT_TM, LOGIN_FAIL_TM, LOGIN_ADDR, LOGIN_REMARK, SESSION_ID, CRT_TM) VALUES ('25a97e379c3f45e5b66897928b57463b', 'admin', '123456666666', '20190717154609', null, null, '192.168.182.1', '登录成功', '8990C19D168A82B9BF276512F7A5A7BD', '20190717154609');
INSERT INTO ifs_login_log (LOG_ID, TLR_NO, BR_NO, LOGIN_SUC_TM, LOGIN_OUT_TM, LOGIN_FAIL_TM, LOGIN_ADDR, LOGIN_REMARK, SESSION_ID, CRT_TM) VALUES ('25eef1c5e4434f43a4abce7e1101f88f', 'admin', '123456666666', '20190716105703', null, null, '192.168.182.1', '登录成功', '330228EF89C453619BF68A227725A716', '20190716105703');
INSERT INTO ifs_login_log (LOG_ID, TLR_NO, BR_NO, LOGIN_SUC_TM, LOGIN_OUT_TM, LOGIN_FAIL_TM, LOGIN_ADDR, LOGIN_REMARK, SESSION_ID, CRT_TM) VALUES ('26fc939603674a399342e827ddc3674b', 'admin', '123456666666', '20190717170411', null, null, '192.168.1.104', '登录成功', 'F37E0C758E187A1B43D1DBD852646AAD', '20190717170411');
INSERT INTO ifs_login_log (LOG_ID, TLR_NO, BR_NO, LOGIN_SUC_TM, LOGIN_OUT_TM, LOGIN_FAIL_TM, LOGIN_ADDR, LOGIN_REMARK, SESSION_ID, CRT_TM) VALUES ('27100b2e25cc44a29173760558e0d704', 'admin', '123456666666', '20190717172135', null, null, '192.168.1.104', '登录成功', 'D4EB36E77FB13A6665B083C5D9A4DFB1', '20190717172135');
INSERT INTO ifs_login_log (LOG_ID, TLR_NO, BR_NO, LOGIN_SUC_TM, LOGIN_OUT_TM, LOGIN_FAIL_TM, LOGIN_ADDR, LOGIN_REMARK, SESSION_ID, CRT_TM) VALUES ('27f6c18e6dea4d58bcf47ff5224e8cea', 'admin', '123456666666', '20190716111621', null, null, '192.168.182.1', '登录成功', '2894604C1195AC313C8720C8DD8909D7', '20190716111621');
INSERT INTO ifs_login_log (LOG_ID, TLR_NO, BR_NO, LOGIN_SUC_TM, LOGIN_OUT_TM, LOGIN_FAIL_TM, LOGIN_ADDR, LOGIN_REMARK, SESSION_ID, CRT_TM) VALUES ('29da9eeafa20468083020709c1cf8628', 'admin', '123456666666', '20190710162800', '20190710165505', null, '192.168.1.100', '用户登出', '7593E5836E532CE44D99FA32D0BC1ACF', '20190710162800');
INSERT INTO ifs_login_log (LOG_ID, TLR_NO, BR_NO, LOGIN_SUC_TM, LOGIN_OUT_TM, LOGIN_FAIL_TM, LOGIN_ADDR, LOGIN_REMARK, SESSION_ID, CRT_TM) VALUES ('2aaccd4306b449eea5d6b342dc99e467', 'admin', '123456666666', '20190718085711', null, null, '192.168.1.104', '登录成功', '713271D0FF3F021F5EC579652647133E', '20190718085711');
INSERT INTO ifs_login_log (LOG_ID, TLR_NO, BR_NO, LOGIN_SUC_TM, LOGIN_OUT_TM, LOGIN_FAIL_TM, LOGIN_ADDR, LOGIN_REMARK, SESSION_ID, CRT_TM) VALUES ('2c0fac10e5fd4323be76ac38d999caee', 'admin', '123456666666', '20190716144523', null, null, '192.168.182.1', '登录成功', 'FE17BFDB42D76527B838F95DB1ADE531', '20190716144523');
INSERT INTO ifs_login_log (LOG_ID, TLR_NO, BR_NO, LOGIN_SUC_TM, LOGIN_OUT_TM, LOGIN_FAIL_TM, LOGIN_ADDR, LOGIN_REMARK, SESSION_ID, CRT_TM) VALUES ('2cf73802a99e46888dafccca6876f27a', 'admin', '123456666666', '20190717123919', null, null, '192.168.1.104', '登录成功', '51645D5941B64AF871ADF1E3A4C3EBA1', '20190717123919');
INSERT INTO ifs_login_log (LOG_ID, TLR_NO, BR_NO, LOGIN_SUC_TM, LOGIN_OUT_TM, LOGIN_FAIL_TM, LOGIN_ADDR, LOGIN_REMARK, SESSION_ID, CRT_TM) VALUES ('2d235d9ac28546d28d8d546405e419f1', 'admin', '123456666666', '20190716110137', null, null, '192.168.182.1', '登录成功', '330228EF89C453619BF68A227725A716', '20190716110137');
INSERT INTO ifs_login_log (LOG_ID, TLR_NO, BR_NO, LOGIN_SUC_TM, LOGIN_OUT_TM, LOGIN_FAIL_TM, LOGIN_ADDR, LOGIN_REMARK, SESSION_ID, CRT_TM) VALUES ('30f3d9ef333244119685832a111978ee', 'admin', '123456666666', '20190716170849', null, null, '192.168.182.1', '登录成功', '7E63F3223E919A9B8A9AC0DF4DD81B58', '20190716170849');
INSERT INTO ifs_login_log (LOG_ID, TLR_NO, BR_NO, LOGIN_SUC_TM, LOGIN_OUT_TM, LOGIN_FAIL_TM, LOGIN_ADDR, LOGIN_REMARK, SESSION_ID, CRT_TM) VALUES ('310fc0c77ed749aa9ae01f051e2d7d4d', 'admin', '123456666666', '20190717135437', null, null, '192.168.1.104', '登录成功', '636B9E1378A272DEAC1E7992215D8317', '20190717135437');
INSERT INTO ifs_login_log (LOG_ID, TLR_NO, BR_NO, LOGIN_SUC_TM, LOGIN_OUT_TM, LOGIN_FAIL_TM, LOGIN_ADDR, LOGIN_REMARK, SESSION_ID, CRT_TM) VALUES ('31d433abccd844e88115ed137fa94f37', 'admin', '123456666666', '20190717155558', null, null, '192.168.182.1', '登录成功', 'A67AFE9C312C94EE27EB9D2480DA1145', '20190717155558');
INSERT INTO ifs_login_log (LOG_ID, TLR_NO, BR_NO, LOGIN_SUC_TM, LOGIN_OUT_TM, LOGIN_FAIL_TM, LOGIN_ADDR, LOGIN_REMARK, SESSION_ID, CRT_TM) VALUES ('323fe5d79f6a4a74913df74ffe20d85c', 'admin', '123456666666', '20190717182435', null, null, '192.168.182.1', '登录成功', 'F5ADBC1E972D6F8E6C5F8E2535D27B8E', '20190717182435');
INSERT INTO ifs_login_log (LOG_ID, TLR_NO, BR_NO, LOGIN_SUC_TM, LOGIN_OUT_TM, LOGIN_FAIL_TM, LOGIN_ADDR, LOGIN_REMARK, SESSION_ID, CRT_TM) VALUES ('33e5285585d645b1a8d72896db4d1a6a', 'admin', '123456666666', '20190717112105', null, null, '192.168.1.104', '登录成功', 'DE0218D716EC9A7174E0B633C4E33C59', '20190717112105');
INSERT INTO ifs_login_log (LOG_ID, TLR_NO, BR_NO, LOGIN_SUC_TM, LOGIN_OUT_TM, LOGIN_FAIL_TM, LOGIN_ADDR, LOGIN_REMARK, SESSION_ID, CRT_TM) VALUES ('3405c24bd72a46edadcf1d4d57faaf96', 'admin', '123456666666', '20190715195754', null, null, '192.168.182.1', '登录成功', '714149CD5B88AE2421959C1562EDD279', '20190715195754');
INSERT INTO ifs_login_log (LOG_ID, TLR_NO, BR_NO, LOGIN_SUC_TM, LOGIN_OUT_TM, LOGIN_FAIL_TM, LOGIN_ADDR, LOGIN_REMARK, SESSION_ID, CRT_TM) VALUES ('372ec069f9924705a60dd2d43d880b04', 'admin', '123456666666', '20190715174328', null, null, '192.168.154.1', '登录成功', 'C283F5FB4F36A1A9138E04DC014CEAE3', '20190715174328');
INSERT INTO ifs_login_log (LOG_ID, TLR_NO, BR_NO, LOGIN_SUC_TM, LOGIN_OUT_TM, LOGIN_FAIL_TM, LOGIN_ADDR, LOGIN_REMARK, SESSION_ID, CRT_TM) VALUES ('37cecd14f2a8419b9b2bd5db0f149d5c', 'admin', '123456666666', '20190717180216', null, null, '192.168.1.104', '登录成功', '3641F41DD036B87FFC4FA4403D5DB379', '20190717180216');
INSERT INTO ifs_login_log (LOG_ID, TLR_NO, BR_NO, LOGIN_SUC_TM, LOGIN_OUT_TM, LOGIN_FAIL_TM, LOGIN_ADDR, LOGIN_REMARK, SESSION_ID, CRT_TM) VALUES ('3894cad0b32a4026965e3ee2e00705af', 'admin', '123456666666', '20190717113803', null, null, '192.168.1.104', '登录成功', '7751580AF5493E4E53C3FF8D6C7D8DF3', '20190717113803');
INSERT INTO ifs_login_log (LOG_ID, TLR_NO, BR_NO, LOGIN_SUC_TM, LOGIN_OUT_TM, LOGIN_FAIL_TM, LOGIN_ADDR, LOGIN_REMARK, SESSION_ID, CRT_TM) VALUES ('38c573230862400ea88f34153ebbce9e', 'admin', '123456666666', '20190716174904', null, null, '192.168.182.1', '登录成功', '2AEE33CCB3EFB175F6A5257335FD42E9', '20190716174904');
INSERT INTO ifs_login_log (LOG_ID, TLR_NO, BR_NO, LOGIN_SUC_TM, LOGIN_OUT_TM, LOGIN_FAIL_TM, LOGIN_ADDR, LOGIN_REMARK, SESSION_ID, CRT_TM) VALUES ('38cafeb00ec04294944cf08a0378c001', 'admin', '123456666666', '20190717182613', null, null, '192.168.1.104', '登录成功', '0814C20789CD4E4F851F0A60146B4ED2', '20190717182613');
INSERT INTO ifs_login_log (LOG_ID, TLR_NO, BR_NO, LOGIN_SUC_TM, LOGIN_OUT_TM, LOGIN_FAIL_TM, LOGIN_ADDR, LOGIN_REMARK, SESSION_ID, CRT_TM) VALUES ('38f5d97d88674fc0b9f7b96a6e7877b9', 'admin', '123456666666', '20190715094128', null, null, '192.168.154.1', '登录成功', '5F82F91B30BFEC6540D3FD5E618C712F', '20190715094128');
INSERT INTO ifs_login_log (LOG_ID, TLR_NO, BR_NO, LOGIN_SUC_TM, LOGIN_OUT_TM, LOGIN_FAIL_TM, LOGIN_ADDR, LOGIN_REMARK, SESSION_ID, CRT_TM) VALUES ('3a5031e26b4e483f995ea40f131481b5', 'admin', '123456666666', null, null, '20190717160146', '192.168.154.1', '登录失败:系统异常：Unable to parse the date: ', '26F17876CE0510D65F7C306A806A33FE', '20190717160146');
INSERT INTO ifs_login_log (LOG_ID, TLR_NO, BR_NO, LOGIN_SUC_TM, LOGIN_OUT_TM, LOGIN_FAIL_TM, LOGIN_ADDR, LOGIN_REMARK, SESSION_ID, CRT_TM) VALUES ('3a8eb1a2f97d456e8fc0bbea3057b24e', 'admin', '123456666666', '20190716182149', null, null, '192.168.182.1', '登录成功', 'A066E544F85F5310583814277DDE0BE4', '20190716182149');
INSERT INTO ifs_login_log (LOG_ID, TLR_NO, BR_NO, LOGIN_SUC_TM, LOGIN_OUT_TM, LOGIN_FAIL_TM, LOGIN_ADDR, LOGIN_REMARK, SESSION_ID, CRT_TM) VALUES ('3af1da3678a849f3ba5b9d68cdbdb5ec', 'admin', '123456666666', '20190715183201', null, null, '192.168.154.1', '登录成功', '2EDDE09CD60587FABE26909B6F9D1475', '20190715183201');
INSERT INTO ifs_login_log (LOG_ID, TLR_NO, BR_NO, LOGIN_SUC_TM, LOGIN_OUT_TM, LOGIN_FAIL_TM, LOGIN_ADDR, LOGIN_REMARK, SESSION_ID, CRT_TM) VALUES ('3cba7ffaff564bb8879504a9fd3739cf', 'admin', '123456666666', '20190717102410', null, null, '192.168.182.1', '登录成功', '865FA2A2C2D073234853F1BAD575DA7A', '20190717102410');
INSERT INTO ifs_login_log (LOG_ID, TLR_NO, BR_NO, LOGIN_SUC_TM, LOGIN_OUT_TM, LOGIN_FAIL_TM, LOGIN_ADDR, LOGIN_REMARK, SESSION_ID, CRT_TM) VALUES ('3cc0ec98ec6a451c871a05ebc6eed62f', 'admin', '123456666666', '20190717183135', null, null, '192.168.182.1', '登录成功', 'DEE43B2BED01C2A1F3CE6AAC06532EFF', '20190717183135');
INSERT INTO ifs_login_log (LOG_ID, TLR_NO, BR_NO, LOGIN_SUC_TM, LOGIN_OUT_TM, LOGIN_FAIL_TM, LOGIN_ADDR, LOGIN_REMARK, SESSION_ID, CRT_TM) VALUES ('3e2c6d3681a94637bb3fb152c33c40c0', 'admin', '123456666666', '20190716181642', null, null, '192.168.182.1', '登录成功', 'E6D946F3C3627AD89B9953A0D2310D76', '20190716181642');
INSERT INTO ifs_login_log (LOG_ID, TLR_NO, BR_NO, LOGIN_SUC_TM, LOGIN_OUT_TM, LOGIN_FAIL_TM, LOGIN_ADDR, LOGIN_REMARK, SESSION_ID, CRT_TM) VALUES ('3e5ecdb56d6f4666874b562a4d86b2e1', 'admin', '123456666666', '20190717145358', null, null, '192.168.1.104', '登录成功', 'B844185FE63C02FBDA914730B31315E1', '20190717145358');
INSERT INTO ifs_login_log (LOG_ID, TLR_NO, BR_NO, LOGIN_SUC_TM, LOGIN_OUT_TM, LOGIN_FAIL_TM, LOGIN_ADDR, LOGIN_REMARK, SESSION_ID, CRT_TM) VALUES ('3e6ae6e62afc4194a1ba489ffe77ddf7', 'admin', '123456666666', '20190716142306', null, null, '192.168.182.1', '登录成功', '0E9307C7D8DDDA6F377DC127F5305FCE', '20190716142306');
INSERT INTO ifs_login_log (LOG_ID, TLR_NO, BR_NO, LOGIN_SUC_TM, LOGIN_OUT_TM, LOGIN_FAIL_TM, LOGIN_ADDR, LOGIN_REMARK, SESSION_ID, CRT_TM) VALUES ('3eecf30bf2fc40deb603c4f622b97b74', 'admin', '123456666666', '20190717122026', null, null, '192.168.1.104', '登录成功', '432AF9EC0011664EBC210D1CAD7C9653', '20190717122026');
INSERT INTO ifs_login_log (LOG_ID, TLR_NO, BR_NO, LOGIN_SUC_TM, LOGIN_OUT_TM, LOGIN_FAIL_TM, LOGIN_ADDR, LOGIN_REMARK, SESSION_ID, CRT_TM) VALUES ('3f1dfa87d6504325b492d90f5ed9247b', 'admin', '123456666666', '20190716092130', '20190716092433', null, '192.168.154.1', '用户登出', 'B26C18064DD5E42CBC13F0F3F73B6505', '20190716092130');
INSERT INTO ifs_login_log (LOG_ID, TLR_NO, BR_NO, LOGIN_SUC_TM, LOGIN_OUT_TM, LOGIN_FAIL_TM, LOGIN_ADDR, LOGIN_REMARK, SESSION_ID, CRT_TM) VALUES ('3fd9263830ff4d4183c1f43edf3ab08d', 'admin', '123456666666', '20190717123630', null, null, '192.168.1.104', '登录成功', '4D54BD4CBD19EC5C0551534023CE2C17', '20190717123630');
INSERT INTO ifs_login_log (LOG_ID, TLR_NO, BR_NO, LOGIN_SUC_TM, LOGIN_OUT_TM, LOGIN_FAIL_TM, LOGIN_ADDR, LOGIN_REMARK, SESSION_ID, CRT_TM) VALUES ('4048e02dcd1249e591fe0a63efe65480', 'admin', '123456666666', '20190717135825', null, null, '192.168.1.104', '登录成功', 'A72A14CA9FFFBABEECBCD20A0D250C59', '20190717135825');
INSERT INTO ifs_login_log (LOG_ID, TLR_NO, BR_NO, LOGIN_SUC_TM, LOGIN_OUT_TM, LOGIN_FAIL_TM, LOGIN_ADDR, LOGIN_REMARK, SESSION_ID, CRT_TM) VALUES ('43500b3529414ed2a1fa04305fb43872', 'admin', '123456666666', '20190712104456', '20190712104633', null, '192.168.154.1', '用户登出', '37FA87D78852F4BCE692C9E106E73CF3', '20190712104456');
INSERT INTO ifs_login_log (LOG_ID, TLR_NO, BR_NO, LOGIN_SUC_TM, LOGIN_OUT_TM, LOGIN_FAIL_TM, LOGIN_ADDR, LOGIN_REMARK, SESSION_ID, CRT_TM) VALUES ('43d51ae616e44f5c95d1845516428076', 'admin', '123456666666', '20190717163703', null, null, '192.168.154.1', '登录成功', 'D79DC9204993D4A280E2CF1A0298EED1', '20190717163703');
INSERT INTO ifs_login_log (LOG_ID, TLR_NO, BR_NO, LOGIN_SUC_TM, LOGIN_OUT_TM, LOGIN_FAIL_TM, LOGIN_ADDR, LOGIN_REMARK, SESSION_ID, CRT_TM) VALUES ('43e4575347e944c7b1edf80535f8d58c', 'admin', '123456666666', '20190717174533', null, null, '192.168.154.1', '登录成功', '93E49477916051D84DB687924E7A1B78', '20190717174533');
INSERT INTO ifs_login_log (LOG_ID, TLR_NO, BR_NO, LOGIN_SUC_TM, LOGIN_OUT_TM, LOGIN_FAIL_TM, LOGIN_ADDR, LOGIN_REMARK, SESSION_ID, CRT_TM) VALUES ('43f5755d599948769467df16119207a5', 'admin', '123456666666', '20190717180514', null, null, '192.168.182.1', '登录成功', '42DBE74F245FDD0A78E930B501C94002', '20190717180514');
INSERT INTO ifs_login_log (LOG_ID, TLR_NO, BR_NO, LOGIN_SUC_TM, LOGIN_OUT_TM, LOGIN_FAIL_TM, LOGIN_ADDR, LOGIN_REMARK, SESSION_ID, CRT_TM) VALUES ('444bc883487d4197bba9c457f3f2542e', 'admin', '123456666666', '20190717171140', null, null, '192.168.1.104', '登录成功', '715E4D3039DC212B6F7172A00CB95AD7', '20190717171140');
INSERT INTO ifs_login_log (LOG_ID, TLR_NO, BR_NO, LOGIN_SUC_TM, LOGIN_OUT_TM, LOGIN_FAIL_TM, LOGIN_ADDR, LOGIN_REMARK, SESSION_ID, CRT_TM) VALUES ('454d7d33b6ed42bbbc8746e54176aaeb', 'admin', '123456666666', '20190715101926', null, null, '192.168.154.1', '登录成功', '01B3C7BCE82B0337D8E520F7F31C232B', '20190715101926');
INSERT INTO ifs_login_log (LOG_ID, TLR_NO, BR_NO, LOGIN_SUC_TM, LOGIN_OUT_TM, LOGIN_FAIL_TM, LOGIN_ADDR, LOGIN_REMARK, SESSION_ID, CRT_TM) VALUES ('4a254231db094161b9dce098289c0e2e', 'admin', null, null, null, '20190717142053', '192.168.1.104', '登录失败:密码错误,您还有5次尝试机会', 'BA98BF15A7E9A84D516FF14E77200301', '20190717142053');
INSERT INTO ifs_login_log (LOG_ID, TLR_NO, BR_NO, LOGIN_SUC_TM, LOGIN_OUT_TM, LOGIN_FAIL_TM, LOGIN_ADDR, LOGIN_REMARK, SESSION_ID, CRT_TM) VALUES ('4a8b784150d94f60b83265f6848d1e7d', 'admin', '123456666666', '20190717144121', null, null, '192.168.182.1', '登录成功', '2D5B93B101AEC682AB19C8032B7A35F3', '20190717144121');
INSERT INTO ifs_login_log (LOG_ID, TLR_NO, BR_NO, LOGIN_SUC_TM, LOGIN_OUT_TM, LOGIN_FAIL_TM, LOGIN_ADDR, LOGIN_REMARK, SESSION_ID, CRT_TM) VALUES ('4a8f7508f37a45938120a3c7ca74d85d', 'admin', '123456666666', '20190717114055', null, null, '192.168.154.1', '登录成功', '7B5DBAEF7D8C86CBBB11ABCDFFF34B72', '20190717114055');
INSERT INTO ifs_login_log (LOG_ID, TLR_NO, BR_NO, LOGIN_SUC_TM, LOGIN_OUT_TM, LOGIN_FAIL_TM, LOGIN_ADDR, LOGIN_REMARK, SESSION_ID, CRT_TM) VALUES ('4a9bbc16e23b4b1ca7319ea3908a64d9', 'admin', '123456666666', '20190717141705', null, null, '192.168.1.104', '登录成功', '8404DB6FA43397EECB351D941897EB5A', '20190717141705');
INSERT INTO ifs_login_log (LOG_ID, TLR_NO, BR_NO, LOGIN_SUC_TM, LOGIN_OUT_TM, LOGIN_FAIL_TM, LOGIN_ADDR, LOGIN_REMARK, SESSION_ID, CRT_TM) VALUES ('4d938194bf634f86a9b797b5ae34b4fa', 'admin', '123456666666', '20190715180125', null, null, '192.168.154.1', '登录成功', '54AB283689EB9622A4C33DB280342E37', '20190715180125');
INSERT INTO ifs_login_log (LOG_ID, TLR_NO, BR_NO, LOGIN_SUC_TM, LOGIN_OUT_TM, LOGIN_FAIL_TM, LOGIN_ADDR, LOGIN_REMARK, SESSION_ID, CRT_TM) VALUES ('4d9e51283a08485f9b885463e6aa0af3', 'admin', '123456666666', '20190716150238', null, null, '192.168.182.1', '登录成功', '28D2C6A69B6CBA27E5FC4C0E3AD291C0', '20190716150238');
INSERT INTO ifs_login_log (LOG_ID, TLR_NO, BR_NO, LOGIN_SUC_TM, LOGIN_OUT_TM, LOGIN_FAIL_TM, LOGIN_ADDR, LOGIN_REMARK, SESSION_ID, CRT_TM) VALUES ('4f22a871787f4e8687a430b108051bf7', 'admin', '123456666666', '20190717164420', null, null, '192.168.154.1', '登录成功', '2BF1C3DFFBF3B2462526423674C1428A', '20190717164420');
INSERT INTO ifs_login_log (LOG_ID, TLR_NO, BR_NO, LOGIN_SUC_TM, LOGIN_OUT_TM, LOGIN_FAIL_TM, LOGIN_ADDR, LOGIN_REMARK, SESSION_ID, CRT_TM) VALUES ('5136dbefea8148f3bc99ca03bee4e640', 'admin', '123456666666', '20190715181235', '20190715181327', null, '192.168.182.1', '用户登出', '4B433325F53470F9152583AF9D1CDB14', '20190715181235');
INSERT INTO ifs_login_log (LOG_ID, TLR_NO, BR_NO, LOGIN_SUC_TM, LOGIN_OUT_TM, LOGIN_FAIL_TM, LOGIN_ADDR, LOGIN_REMARK, SESSION_ID, CRT_TM) VALUES ('5189edad1f8f4e37954ab0e44e7279d6', 'admin', '123456666666', '20190717162613', null, null, '192.168.1.104', '登录成功', '44CB992173155BE7152A4BD5A79F0A71', '20190717162613');
CREATE TABLE
    IFS_MENU_INF
    (
        FUNCID VARCHAR(20) NOT NULL,
        FUNCNAME VARCHAR(60),
        PAGEPATH VARCHAR(250),
        LOCATION INTEGER,
        ISDIRECTORY INTEGER,
        LASTDIRECTORY VARCHAR(20),
        SHOWSEQ INTEGER,
        FUNC_CLASS CHARACTER(1),
        FUNC_TYPE CHARACTER(1),
        WORKFLOW_FLAG CHARACTER(1),
        UP_FUNC_CODE CHARACTER(10),
        FUNC_DESC VARCHAR(60),
        STATUS CHARACTER(1),
        MISCFLGS CHARACTER(20),
        MISC VARCHAR(1024),
        ICON_CLS VARCHAR(256),
        CONSTRAINT PK_IFS_MENU_INF PRIMARY KEY (FUNCID)
    );
INSERT INTO ifs_menu_inf (FUNCID, FUNCNAME, PAGEPATH, LOCATION, ISDIRECTORY, LASTDIRECTORY, SHOWSEQ, FUNC_CLASS, FUNC_TYPE, WORKFLOW_FLAG, UP_FUNC_CODE, FUNC_DESC, STATUS, MISCFLGS, MISC, ICON_CLS) VALUES ('1000', '系统维护', null, 2, 1, null, 0, null, '2', null, null, null, null, null, null, 'fa fa-certificate');
INSERT INTO ifs_menu_inf (FUNCID, FUNCNAME, PAGEPATH, LOCATION, ISDIRECTORY, LASTDIRECTORY, SHOWSEQ, FUNC_CLASS, FUNC_TYPE, WORKFLOW_FLAG, UP_FUNC_CODE, FUNC_DESC, STATUS, MISCFLGS, MISC, ICON_CLS) VALUES ('100001', '用户管理', '/pages/mng/operMngEntry.jsp', 2, 0, '1000', 0, null, '0', null, null, null, null, null, null, 'fa fa-users');
INSERT INTO ifs_menu_inf (FUNCID, FUNCNAME, PAGEPATH, LOCATION, ISDIRECTORY, LASTDIRECTORY, SHOWSEQ, FUNC_CLASS, FUNC_TYPE, WORKFLOW_FLAG, UP_FUNC_CODE, FUNC_DESC, STATUS, MISCFLGS, MISC, ICON_CLS) VALUES ('100002', '岗位管理', '/pages/mng/roleMngEntry.jsp', 2, 0, '1000', 1, null, '0', null, null, '/pages/mng/roleMngEntry.jsp', null, null, null, '');
INSERT INTO ifs_menu_inf (FUNCID, FUNCNAME, PAGEPATH, LOCATION, ISDIRECTORY, LASTDIRECTORY, SHOWSEQ, FUNC_CLASS, FUNC_TYPE, WORKFLOW_FLAG, UP_FUNC_CODE, FUNC_DESC, STATUS, MISCFLGS, MISC, ICON_CLS) VALUES ('100003', '机构管理', '/pages/mng/BranchMngEntry.jsp', 2, 0, '1000', 2, null, '0', null, null, '', null, null, null, 'fa fa-sitemap');
INSERT INTO ifs_menu_inf (FUNCID, FUNCNAME, PAGEPATH, LOCATION, ISDIRECTORY, LASTDIRECTORY, SHOWSEQ, FUNC_CLASS, FUNC_TYPE, WORKFLOW_FLAG, UP_FUNC_CODE, FUNC_DESC, STATUS, MISCFLGS, MISC, ICON_CLS) VALUES ('1001', '系统设置', null, 2, 0, null, 1, null, '0', null, null, null, null, null, null, 'fa fa-cogs');
INSERT INTO ifs_menu_inf (FUNCID, FUNCNAME, PAGEPATH, LOCATION, ISDIRECTORY, LASTDIRECTORY, SHOWSEQ, FUNC_CLASS, FUNC_TYPE, WORKFLOW_FLAG, UP_FUNC_CODE, FUNC_DESC, STATUS, MISCFLGS, MISC, ICON_CLS) VALUES ('100101', '菜单管理', '/pages/mng/FunctionMng.jsp', 2, 0, '1001', 0, null, '0', null, null, null, null, null, null, 'fa fa-list');
INSERT INTO ifs_menu_inf (FUNCID, FUNCNAME, PAGEPATH, LOCATION, ISDIRECTORY, LASTDIRECTORY, SHOWSEQ, FUNC_CLASS, FUNC_TYPE, WORKFLOW_FLAG, UP_FUNC_CODE, FUNC_DESC, STATUS, MISCFLGS, MISC, ICON_CLS) VALUES ('100102', '系统参数设置', '/pages/mng/SysParamsSec.jsp', 2, 0, '1001', 1, null, '0', null, null, null, null, null, null, 'fa fa-cog');
INSERT INTO ifs_menu_inf (FUNCID, FUNCNAME, PAGEPATH, LOCATION, ISDIRECTORY, LASTDIRECTORY, SHOWSEQ, FUNC_CLASS, FUNC_TYPE, WORKFLOW_FLAG, UP_FUNC_CODE, FUNC_DESC, STATUS, MISCFLGS, MISC, ICON_CLS) VALUES ('100103', '接入系统管理', '/pages/mng/TblBeChannel.jsp', 2, 0, '1001', 2, null, '0', null, null, null, null, null, null, null);
INSERT INTO ifs_menu_inf (FUNCID, FUNCNAME, PAGEPATH, LOCATION, ISDIRECTORY, LASTDIRECTORY, SHOWSEQ, FUNC_CLASS, FUNC_TYPE, WORKFLOW_FLAG, UP_FUNC_CODE, FUNC_DESC, STATUS, MISCFLGS, MISC, ICON_CLS) VALUES ('100104', '数据字典配置', '/pages/mng/DataDicEntry.jsp', 2, 0, '1001', 3, null, '0', null, null, null, null, null, null, 'fa fa-book');
INSERT INTO ifs_menu_inf (FUNCID, FUNCNAME, PAGEPATH, LOCATION, ISDIRECTORY, LASTDIRECTORY, SHOWSEQ, FUNC_CLASS, FUNC_TYPE, WORKFLOW_FLAG, UP_FUNC_CODE, FUNC_DESC, STATUS, MISCFLGS, MISC, ICON_CLS) VALUES ('100105', '定时任务设置', '/pages/mng/bopTimedSchedulerManage.jsp', 2, 0, '1001', 4, null, '0', null, null, null, null, null, null, 'fa fa-bell');
INSERT INTO ifs_menu_inf (FUNCID, FUNCNAME, PAGEPATH, LOCATION, ISDIRECTORY, LASTDIRECTORY, SHOWSEQ, FUNC_CLASS, FUNC_TYPE, WORKFLOW_FLAG, UP_FUNC_CODE, FUNC_DESC, STATUS, MISCFLGS, MISC, ICON_CLS) VALUES ('1002', '数据查询', null, 2, 0, null, 2, null, '0', null, null, null, null, null, null, 'fa fa-search');
INSERT INTO ifs_menu_inf (FUNCID, FUNCNAME, PAGEPATH, LOCATION, ISDIRECTORY, LASTDIRECTORY, SHOWSEQ, FUNC_CLASS, FUNC_TYPE, WORKFLOW_FLAG, UP_FUNC_CODE, FUNC_DESC, STATUS, MISCFLGS, MISC, ICON_CLS) VALUES ('100201', '系统日志查询', '/pages/mng/bizLogQuery.jsp', 2, 0, '1002', 0, null, '0', null, null, null, null, null, null, 'fa fa-search');
INSERT INTO ifs_menu_inf (FUNCID, FUNCNAME, PAGEPATH, LOCATION, ISDIRECTORY, LASTDIRECTORY, SHOWSEQ, FUNC_CLASS, FUNC_TYPE, WORKFLOW_FLAG, UP_FUNC_CODE, FUNC_DESC, STATUS, MISCFLGS, MISC, ICON_CLS) VALUES ('100202', '用户登录日志查询', '/pages/mng/LoginLogQueryTabs.jsp', 2, 0, '1002', 1, null, '0', null, null, null, null, null, null, 'fa fa-search');
INSERT INTO ifs_menu_inf (FUNCID, FUNCNAME, PAGEPATH, LOCATION, ISDIRECTORY, LASTDIRECTORY, SHOWSEQ, FUNC_CLASS, FUNC_TYPE, WORKFLOW_FLAG, UP_FUNC_CODE, FUNC_DESC, STATUS, MISCFLGS, MISC, ICON_CLS) VALUES ('100203', '人员岗位权限查询', '/pages/mng/UserAuthorityDown.jsp', 2, 0, '1002', 2, null, '0', null, null, null, null, null, null, 'fa fa-search');
INSERT INTO ifs_menu_inf (FUNCID, FUNCNAME, PAGEPATH, LOCATION, ISDIRECTORY, LASTDIRECTORY, SHOWSEQ, FUNC_CLASS, FUNC_TYPE, WORKFLOW_FLAG, UP_FUNC_CODE, FUNC_DESC, STATUS, MISCFLGS, MISC, ICON_CLS) VALUES ('100204', '定时任务执行日志查询', '/pages/mng/bopTimedSchedulerManageLog.jsp', 2, 0, '1002', 3, null, '0', null, null, null, null, null, null, 'fa fa-search');
INSERT INTO ifs_menu_inf (FUNCID, FUNCNAME, PAGEPATH, LOCATION, ISDIRECTORY, LASTDIRECTORY, SHOWSEQ, FUNC_CLASS, FUNC_TYPE, WORKFLOW_FLAG, UP_FUNC_CODE, FUNC_DESC, STATUS, MISCFLGS, MISC, ICON_CLS) VALUES ('100205', '报文日志查询', '/pages/mng/MsgLogQuery.jsp', 2, 0, '1002', 4, null, '0', null, null, null, null, null, null, 'fa fa-search');
INSERT INTO ifs_menu_inf (FUNCID, FUNCNAME, PAGEPATH, LOCATION, ISDIRECTORY, LASTDIRECTORY, SHOWSEQ, FUNC_CLASS, FUNC_TYPE, WORKFLOW_FLAG, UP_FUNC_CODE, FUNC_DESC, STATUS, MISCFLGS, MISC, ICON_CLS) VALUES ('1003', '接口管理', null, 2, 0, null, 3, null, '0', null, null, null, null, null, null, 'fa fa-search');
INSERT INTO ifs_menu_inf (FUNCID, FUNCNAME, PAGEPATH, LOCATION, ISDIRECTORY, LASTDIRECTORY, SHOWSEQ, FUNC_CLASS, FUNC_TYPE, WORKFLOW_FLAG, UP_FUNC_CODE, FUNC_DESC, STATUS, MISCFLGS, MISC, ICON_CLS) VALUES ('100301', '银行接口管理', '/pages/mng/BankInter.jsp', 2, 0, '1003', 0, null, '0', null, null, null, null, null, null, 'fa fa-search');
INSERT INTO ifs_menu_inf (FUNCID, FUNCNAME, PAGEPATH, LOCATION, ISDIRECTORY, LASTDIRECTORY, SHOWSEQ, FUNC_CLASS, FUNC_TYPE, WORKFLOW_FLAG, UP_FUNC_CODE, FUNC_DESC, STATUS, MISCFLGS, MISC, ICON_CLS) VALUES ('100302', '交易管理', '/pages/mng/TblBeTradeCfg.jsp', 2, 0, '1003', 1, null, '0', null, null, null, null, null, null, 'fa fa-search');
INSERT INTO ifs_menu_inf (FUNCID, FUNCNAME, PAGEPATH, LOCATION, ISDIRECTORY, LASTDIRECTORY, SHOWSEQ, FUNC_CLASS, FUNC_TYPE, WORKFLOW_FLAG, UP_FUNC_CODE, FUNC_DESC, STATUS, MISCFLGS, MISC, ICON_CLS) VALUES ('1004', '银行管理', null, 2, 0, null, 4, null, '0', null, null, null, null, null, null, 'fa fa-search');
INSERT INTO ifs_menu_inf (FUNCID, FUNCNAME, PAGEPATH, LOCATION, ISDIRECTORY, LASTDIRECTORY, SHOWSEQ, FUNC_CLASS, FUNC_TYPE, WORKFLOW_FLAG, UP_FUNC_CODE, FUNC_DESC, STATUS, MISCFLGS, MISC, ICON_CLS) VALUES ('100401', '银行信息管理', '/pages/mng/FrontMachineStatus.jsp', 2, 0, '1004', 0, null, '0', null, null, null, null, null, null, 'fa fa-search');
INSERT INTO ifs_menu_inf (FUNCID, FUNCNAME, PAGEPATH, LOCATION, ISDIRECTORY, LASTDIRECTORY, SHOWSEQ, FUNC_CLASS, FUNC_TYPE, WORKFLOW_FLAG, UP_FUNC_CODE, FUNC_DESC, STATUS, MISCFLGS, MISC, ICON_CLS) VALUES ('1005', '系统监控', null, 2, 0, null, 5, null, '0', null, null, null, null, null, null, 'fa fa-search');
INSERT INTO ifs_menu_inf (FUNCID, FUNCNAME, PAGEPATH, LOCATION, ISDIRECTORY, LASTDIRECTORY, SHOWSEQ, FUNC_CLASS, FUNC_TYPE, WORKFLOW_FLAG, UP_FUNC_CODE, FUNC_DESC, STATUS, MISCFLGS, MISC, ICON_CLS) VALUES ('100501', '系统监控', '/pages/mng/bopTimedSchedulerManageLog.jsp', 2, 0, '1005', 0, null, '0', null, null, null, null, null, null, 'fa fa-search');
INSERT INTO ifs_menu_inf (FUNCID, FUNCNAME, PAGEPATH, LOCATION, ISDIRECTORY, LASTDIRECTORY, SHOWSEQ, FUNC_CLASS, FUNC_TYPE, WORKFLOW_FLAG, UP_FUNC_CODE, FUNC_DESC, STATUS, MISCFLGS, MISC, ICON_CLS) VALUES ('1006', '开发工具', null, 2, 1, null, 6, null, '0', null, null, null, '1', null, null, 'fa fa-wrench');
INSERT INTO ifs_menu_inf (FUNCID, FUNCNAME, PAGEPATH, LOCATION, ISDIRECTORY, LASTDIRECTORY, SHOWSEQ, FUNC_CLASS, FUNC_TYPE, WORKFLOW_FLAG, UP_FUNC_CODE, FUNC_DESC, STATUS, MISCFLGS, MISC, ICON_CLS) VALUES ('100601', '图标管理', '/pages/mng/iconMng.jsp', 2, 0, '1006', 1, null, '0', null, null, null, null, null, null, 'fa fa-user');
INSERT INTO ifs_menu_inf (FUNCID, FUNCNAME, PAGEPATH, LOCATION, ISDIRECTORY, LASTDIRECTORY, SHOWSEQ, FUNC_CLASS, FUNC_TYPE, WORKFLOW_FLAG, UP_FUNC_CODE, FUNC_DESC, STATUS, MISCFLGS, MISC, ICON_CLS) VALUES ('100602', '组件平台', '_blank:/pages/example/index.jsp', 2, 0, '1006', 2, null, '0', null, null, null, null, null, null, 'fa fa-laptop');
CREATE TABLE
    IFS_ORG
    (
        BRCODE VARCHAR(20) NOT NULL,
        BRNO VARCHAR(20) NOT NULL,
        BRNAME VARCHAR(60),
        BRCLASS CHARACTER(1),
        BRATTR CHARACTER(1),
        BLN_BRANCH_CLASS CHARACTER(1),
        BLN_BRANCH_BRCODE VARCHAR(20),
        BLN_MANAGE_BRCODE VARCHAR(20),
        BLN_UP_BRCODE VARCHAR(20),
        TXN_BRCODE VARCHAR(20),
        AUTHLVL CHARACTER(1),
        LINKMAN VARCHAR(20),
        TELENO CHARACTER(20),
        ADDRESS VARCHAR(60),
        POSTNO CHARACTER(6),
        OTHER_AREA_FLAG CHARACTER(1),
        REGIONALISM CHARACTER(6),
        FINANCE_CODE CHARACTER(14),
        STATUS CHARACTER(1),
        MISCFLGS CHARACTER(20),
        MISC VARCHAR(256),
        LAST_UPD_TLR VARCHAR(20),
        LAST_UPD_FUNC VARCHAR(20),
        LAST_UPD_DATE CHARACTER(8),
        ST CHARACTER(1),
        IS_LOCK CHARACTER(1),
        IS_DEL CHARACTER(1),
        CONSTRAINT PK_IFS_ORG PRIMARY KEY (BRCODE)
    );
INSERT INTO ifs_org (BRCODE, BRNO, BRNAME, BRCLASS, BRATTR, BLN_BRANCH_CLASS, BLN_BRANCH_BRCODE, BLN_MANAGE_BRCODE, BLN_UP_BRCODE, TXN_BRCODE, AUTHLVL, LINKMAN, TELENO, ADDRESS, POSTNO, OTHER_AREA_FLAG, REGIONALISM, FINANCE_CODE, STATUS, MISCFLGS, MISC, LAST_UPD_TLR, LAST_UPD_FUNC, LAST_UPD_DATE, ST, IS_LOCK, IS_DEL) VALUES ('0001', '123456666666', 'XX银行总行', '1', null, null, null, '0001', null, null, null, null, '123456', '1', '123456', null, null, null, '1', null, null, 'admin', null, '20150702', '4', 'F', 'F');
INSERT INTO ifs_org (BRCODE, BRNO, BRNAME, BRCLASS, BRATTR, BLN_BRANCH_CLASS, BLN_BRANCH_BRCODE, BLN_MANAGE_BRCODE, BLN_UP_BRCODE, TXN_BRCODE, AUTHLVL, LINKMAN, TELENO, ADDRESS, POSTNO, OTHER_AREA_FLAG, REGIONALISM, FINANCE_CODE, STATUS, MISCFLGS, MISC, LAST_UPD_TLR, LAST_UPD_FUNC, LAST_UPD_DATE, ST, IS_LOCK, IS_DEL) VALUES ('0002', '12345666666601', 'XX分行', '2', null, null, null, '0002', '0001', null, null, null, null, null, null, null, null, null, '1', null, null, 'admin', null, '20150703', '4', 'F', 'F');
INSERT INTO ifs_org (BRCODE, BRNO, BRNAME, BRCLASS, BRATTR, BLN_BRANCH_CLASS, BLN_BRANCH_BRCODE, BLN_MANAGE_BRCODE, BLN_UP_BRCODE, TXN_BRCODE, AUTHLVL, LINKMAN, TELENO, ADDRESS, POSTNO, OTHER_AREA_FLAG, REGIONALISM, FINANCE_CODE, STATUS, MISCFLGS, MISC, LAST_UPD_TLR, LAST_UPD_FUNC, LAST_UPD_DATE, ST, IS_LOCK, IS_DEL) VALUES ('0003', '1234566666660101', 'XX支行', '5', null, null, null, '0003', '0002', null, null, null, '1234', null, null, null, null, null, '1', null, null, 'admin', null, '20150703', '4', 'F', 'F');
INSERT INTO ifs_org (BRCODE, BRNO, BRNAME, BRCLASS, BRATTR, BLN_BRANCH_CLASS, BLN_BRANCH_BRCODE, BLN_MANAGE_BRCODE, BLN_UP_BRCODE, TXN_BRCODE, AUTHLVL, LINKMAN, TELENO, ADDRESS, POSTNO, OTHER_AREA_FLAG, REGIONALISM, FINANCE_CODE, STATUS, MISCFLGS, MISC, LAST_UPD_TLR, LAST_UPD_FUNC, LAST_UPD_DATE, ST, IS_LOCK, IS_DEL) VALUES ('0200', '010002', '北京分行', '2', null, null, null, '0002', '0001', null, null, null, '11111', '222', '11111', null, null, null, '1', null, null, 'admin', null, '20190712', null, null, null);
CREATE TABLE
    IFS_PWD_HIS
    (
        ID VARCHAR(32) NOT NULL,
        USERID VARCHAR(32) NOT NULL,
        PASSWORD VARCHAR(100) NOT NULL,
        ENC_MODE VARCHAR(10),
        MODIFIED_TIME CHARACTER(14) NOT NULL,
        CONSTRAINT PK_IFS_PWD_HIS PRIMARY KEY (ID)
    );
CREATE TABLE
    IFS_RES_INF
    (
        ID CHARACTER(32) NOT NULL,
        ROLE_ID INTEGER,
        FUNCID VARCHAR(20),
        CONSTRAINT PK_IFS_RES_INF PRIMARY KEY (ID)
    );
INSERT INTO ifs_res_inf (ID, ROLE_ID, FUNCID) VALUES ('08d58ae790bf41fea560e1d51c2fde5e', 111, '1001');
INSERT INTO ifs_res_inf (ID, ROLE_ID, FUNCID) VALUES ('0fc24c241a3b4146b535addf7e096d1d', 111, '100501');
INSERT INTO ifs_res_inf (ID, ROLE_ID, FUNCID) VALUES ('150ac7f5a1514d8f88b8f54d9c2d0f8d', 200, '100002');
INSERT INTO ifs_res_inf (ID, ROLE_ID, FUNCID) VALUES ('37a4993b01b74ce2bd0495ebcd1d1808', 200, '1000');
INSERT INTO ifs_res_inf (ID, ROLE_ID, FUNCID) VALUES ('38e1e822e52b446480629de476b65555', 111, '100601');
INSERT INTO ifs_res_inf (ID, ROLE_ID, FUNCID) VALUES ('3dfbf98a36db4d998c68499749116d1f', 111, '1006');
INSERT INTO ifs_res_inf (ID, ROLE_ID, FUNCID) VALUES ('420666f1028b479ea4edbc7df7a4a530', 111, '100203');
INSERT INTO ifs_res_inf (ID, ROLE_ID, FUNCID) VALUES ('455a072d41064eb18684eabea09b2f89', 200, '-1');
INSERT INTO ifs_res_inf (ID, ROLE_ID, FUNCID) VALUES ('5844a8c9c63d44649d5c96cffa671729', 111, '100003');
INSERT INTO ifs_res_inf (ID, ROLE_ID, FUNCID) VALUES ('83dc34f420a94680b5711e49b722b40b', 111, '100602');
INSERT INTO ifs_res_inf (ID, ROLE_ID, FUNCID) VALUES ('932c3e6193b244da8e1bbd3797cad252', 111, '100302');
INSERT INTO ifs_res_inf (ID, ROLE_ID, FUNCID) VALUES ('94127d707beb4aad85c99a549cec3b4b', 111, '100401');
INSERT INTO ifs_res_inf (ID, ROLE_ID, FUNCID) VALUES ('97651bd2b1244b1da4ef253c86983660', 111, '100002');
INSERT INTO ifs_res_inf (ID, ROLE_ID, FUNCID) VALUES ('97a8153792dc47d08f41835ee9887f09', 111, '100101');
INSERT INTO ifs_res_inf (ID, ROLE_ID, FUNCID) VALUES ('9ebb827f1a5e4e0d806e94c2714e5034', 111, '100001');
INSERT INTO ifs_res_inf (ID, ROLE_ID, FUNCID) VALUES ('a99833f2edc84b6ab2697ae398773ca0', 111, '100205');
INSERT INTO ifs_res_inf (ID, ROLE_ID, FUNCID) VALUES ('af4b2c7c6a4946a899c5815ceb8b949c', 111, '1000');
INSERT INTO ifs_res_inf (ID, ROLE_ID, FUNCID) VALUES ('af738ca465de44279df792b1f44c6f49', 111, '1002');
INSERT INTO ifs_res_inf (ID, ROLE_ID, FUNCID) VALUES ('b02e8fa659084046920cb2f8bff630c1', 111, '100105');
INSERT INTO ifs_res_inf (ID, ROLE_ID, FUNCID) VALUES ('c16a6eba068d43ccb4008b4215048cfd', 111, '1004');
INSERT INTO ifs_res_inf (ID, ROLE_ID, FUNCID) VALUES ('cb203571f8ff4042a9b34a39a7fe61f9', 111, '100102');
INSERT INTO ifs_res_inf (ID, ROLE_ID, FUNCID) VALUES ('cd9fdea6759c4808a0c3820ed8869eb8', 111, '100004');
INSERT INTO ifs_res_inf (ID, ROLE_ID, FUNCID) VALUES ('d44a0623912540f5bb066112864e0b33', 111, '100103');
INSERT INTO ifs_res_inf (ID, ROLE_ID, FUNCID) VALUES ('d55f3312283c4f02b8ed2ec727402c4b', 111, '100201');
INSERT INTO ifs_res_inf (ID, ROLE_ID, FUNCID) VALUES ('d8abfcc0eaf1402b925d047b0ca3ce38', 111, '100104');
INSERT INTO ifs_res_inf (ID, ROLE_ID, FUNCID) VALUES ('dacbaace6be14574b24dfddcecd3b356', 111, '1003');
INSERT INTO ifs_res_inf (ID, ROLE_ID, FUNCID) VALUES ('dfed1420f15a42f6be12c19890b2b9d4', 111, '100202');
INSERT INTO ifs_res_inf (ID, ROLE_ID, FUNCID) VALUES ('ed85c12c04234453b4201c50c7287642', 111, '100301');
INSERT INTO ifs_res_inf (ID, ROLE_ID, FUNCID) VALUES ('f4c9db621cec463ba016218bdb2c7bf0', 111, '100204');
INSERT INTO ifs_res_inf (ID, ROLE_ID, FUNCID) VALUES ('f72240f3c3ae49b8a2b7df2d09f6e1f5', 111, '-1');
INSERT INTO ifs_res_inf (ID, ROLE_ID, FUNCID) VALUES ('fb4631446ac14fc0a01ca0c04b107c68', 111, '1005');
CREATE TABLE
    IFS_ROLE
    (
        ROLE_ID INTEGER NOT NULL,
        ROLE_NAME VARCHAR(30),
        STATUS CHARACTER(1),
        EFFECT_DATE CHARACTER(8),
        EXPIRE_DATE CHARACTER(8),
        BRCLASS CHARACTER(1),
        MISCFLGS CHARACTER(20),
        MISC VARCHAR(256),
        ROLE_TYPE CHARACTER(1),
        IS_LOCK CHARACTER(1),
        CRT_DT CHARACTER(8),
        LAST_UPD_TMS VARCHAR(14),
        LAST_UPD_OPER VARCHAR(20),
        ST CHARACTER(1),
        CONSTRAINT PK_IFS_ROLE PRIMARY KEY (ROLE_ID)
    );
INSERT INTO ifs_role (ROLE_ID, ROLE_NAME, STATUS, EFFECT_DATE, EXPIRE_DATE, BRCLASS, MISCFLGS, MISC, ROLE_TYPE, IS_LOCK, CRT_DT, LAST_UPD_TMS, LAST_UPD_OPER, ST) VALUES (111, '管理岗', '1', null, null, null, null, null, null, '0', null, null, null, '4');
INSERT INTO ifs_role (ROLE_ID, ROLE_NAME, STATUS, EFFECT_DATE, EXPIRE_DATE, BRCLASS, MISCFLGS, MISC, ROLE_TYPE, IS_LOCK, CRT_DT, LAST_UPD_TMS, LAST_UPD_OPER, ST) VALUES (200, '银企平台管理岗1', '1', null, null, null, null, null, null, '0', null, null, null, null);
CREATE TABLE
    IFS_SER_NUM
    (
        ID CHARACTER(32) NOT NULL,
        VALUE_NO INTEGER DEFAULT 0,
        VALUE_INDEX VARCHAR(40),
        VALUE_CURR INTEGER,
        MAX_VALUE INTEGER,
        MIN_VALUE INTEGER,
        CONSTRAINT PK_IFS_SER_NUM PRIMARY KEY (ID)
    );
INSERT INTO ifs_ser_num (ID, VALUE_NO, VALUE_INDEX, VALUE_CURR, MAX_VALUE, MIN_VALUE) VALUES ('9B11908EA8A44CAE920732EED43290A7', 10, '00000000000000000000', 201, 9999, 1);
INSERT INTO ifs_ser_num (ID, VALUE_NO, VALUE_INDEX, VALUE_CURR, MAX_VALUE, MIN_VALUE) VALUES ('9B11908EA8A44CAE920732EED43290A8', 11, '00000000000000000000', 201, 999999999, 111);
CREATE TABLE
    IFS_STAFF
    (
        TLRNO VARCHAR(20) NOT NULL,
        TLR_NAME VARCHAR(30),
        TLR_TYPE CHARACTER(1),
        EMAIL VARCHAR(40),
        BRCODE VARCHAR(20),
        PASSWORD VARCHAR(50),
        STATUS CHARACTER(1),
        ROLEID INTEGER,
        MSRNO INTEGER,
        FLAG CHARACTER(1),
        LOGIN_IP VARCHAR(20),
        SESSION_ID VARCHAR(256),
        CHEK_DPWD_FLG CHARACTER(1),
        CREATE_DATE CHARACTER(8),
        LASTACCESSTM CHARACTER(14),
        LASTLOGOUTTM CHARACTER(14),
        LASTPWDCHGTM CHARACTER(14),
        LASTFAILEDTM CHARACTER(14),
        PSWDERRCNT INTEGER,
        TOTPSWDERRCNT INTEGER,
        PSWDERRDATE CHARACTER(8),
        PASSWDENC VARCHAR(10),
        FAILMAXLOGIN INTEGER,
        PASSWDCHGINTERVAL INTEGER,
        PASSWDWARNINTERVAL INTEGER,
        IS_LOCK CHARACTER(1),
        LOCK_REASON VARCHAR(200),
        IS_LOCK_MODIFY CHARACTER(1),
        CRT_DT CHARACTER(8),
        LAST_UPD_TMS VARCHAR(14),
        LAST_UPD_OPER VARCHAR(20),
        ST CHARACTER(1),
        CONSTRAINT PK_IFS_STAFF PRIMARY KEY (TLRNO)
    );
INSERT INTO ifs_staff (TLRNO, TLR_NAME, TLR_TYPE, EMAIL, BRCODE, PASSWORD, STATUS, ROLEID, MSRNO, FLAG, LOGIN_IP, SESSION_ID, CHEK_DPWD_FLG, CREATE_DATE, LASTACCESSTM, LASTLOGOUTTM, LASTPWDCHGTM, LASTFAILEDTM, PSWDERRCNT, TOTPSWDERRCNT, PSWDERRDATE, PASSWDENC, FAILMAXLOGIN, PASSWDCHGINTERVAL, PASSWDWARNINTERVAL, IS_LOCK, LOCK_REASON, IS_LOCK_MODIFY, CRT_DT, LAST_UPD_TMS, LAST_UPD_OPER, ST) VALUES ('admin', '系统管理员', null, null, '0001', 'FE9DF540FD170F1343D2A74E2290BA7E', '0', null, null, '1', '192.168.1.104', '19EC8A03103A36FBB0D919CBCE4B504C', null, null, '20190718091231', '20190718094315', '20190710162752', null, 0, 0, null, 'MD5', null, null, null, '0', null, '1', null, null, null, '4');
INSERT INTO ifs_staff (TLRNO, TLR_NAME, TLR_TYPE, EMAIL, BRCODE, PASSWORD, STATUS, ROLEID, MSRNO, FLAG, LOGIN_IP, SESSION_ID, CHEK_DPWD_FLG, CREATE_DATE, LASTACCESSTM, LASTLOGOUTTM, LASTPWDCHGTM, LASTFAILEDTM, PSWDERRCNT, TOTPSWDERRCNT, PSWDERRDATE, PASSWDENC, FAILMAXLOGIN, PASSWDCHGINTERVAL, PASSWDWARNINTERVAL, IS_LOCK, LOCK_REASON, IS_LOCK_MODIFY, CRT_DT, LAST_UPD_TMS, LAST_UPD_OPER, ST) VALUES ('hanwc', '韩伟成', null, null, '0001', '847CDF684DC92F99C83C908F9F438ED4', '0', null, null, '1', null, '45D4C2F97BC6B99BE8195B10B95AB2B7', null, null, '', '', null, null, 0, 0, null, 'MD5', null, null, null, '0', null, '1', null, null, null, null);
INSERT INTO ifs_staff (TLRNO, TLR_NAME, TLR_TYPE, EMAIL, BRCODE, PASSWORD, STATUS, ROLEID, MSRNO, FLAG, LOGIN_IP, SESSION_ID, CHEK_DPWD_FLG, CREATE_DATE, LASTACCESSTM, LASTLOGOUTTM, LASTPWDCHGTM, LASTFAILEDTM, PSWDERRCNT, TOTPSWDERRCNT, PSWDERRDATE, PASSWDENC, FAILMAXLOGIN, PASSWDCHGINTERVAL, PASSWDWARNINTERVAL, IS_LOCK, LOCK_REASON, IS_LOCK_MODIFY, CRT_DT, LAST_UPD_TMS, LAST_UPD_OPER, ST) VALUES ('liuxj', 'liuxj', null, null, '0001', '847CDF684DC92F99C83C908F9F438ED4', '0', null, null, '1', null, '06BFB964D41D7F2E42D435DB6F3E587C', null, null, '', '', null, '20190715154236', 0, 2, null, 'MD5', null, null, null, '0', null, '1', null, null, null, null);
CREATE TABLE
    IFS_STAFF_EXT
    (
        TLRNO VARCHAR(20) NOT NULL,
        TEL_NO VARCHAR(20),
        EMAIL VARCHAR(128),
        QQ_NO VARCHAR(40),
        WX_NO VARCHAR(40),
        HEAD_IMG CLOB(16777216),
        CONSTRAINT PK_IFS_STAFF_EXT PRIMARY KEY (TLRNO)
    );
INSERT INTO ifs_staff_ext (TLRNO, TEL_NO, EMAIL, QQ_NO, WX_NO, HEAD_IMG) VALUES ('admin', null, null, null, null, null);
CREATE TABLE
    IFS_STAFF_ROLE_REL
    (
        ID CHARACTER(32) NOT NULL,
        TLRNO VARCHAR(20),
        ROLE_ID INTEGER,
        STATUS CHARACTER(1),
        CONSTRAINT PK_IFS_STAFF_ROLE_REL PRIMARY KEY (ID)
    );
INSERT INTO ifs_staff_role_rel (ID, TLRNO, ROLE_ID, STATUS) VALUES ('10d1a1c297044b9594d10c03796a20b7', 'liuxj', 111, '1');
INSERT INTO ifs_staff_role_rel (ID, TLRNO, ROLE_ID, STATUS) VALUES ('19bf38fc8cee43379bd18b853de68006', 'admin', 111, '1');
INSERT INTO ifs_staff_role_rel (ID, TLRNO, ROLE_ID, STATUS) VALUES ('b77de221e04f4457b3ba5cae253d3e41', 'hanwc', 111, '1');
CREATE TABLE
    IFS_SYS_INF
    (
        ID INTEGER NOT NULL,
        SYSTEM_NAME VARCHAR(20),
        TBSDY CHARACTER(8),
        BHDATE CHARACTER(8),
        LBHDATE CHARACTER(8),
        STATUS CHARACTER(1),
        SYSTEM_TYPE CHARACTER(2),
        MISCFLGS VARCHAR(20),
        CONSTRAINT PK_IFS_SYS_INF PRIMARY KEY (ID)
    );
INSERT INTO ifs_sys_inf (ID, SYSTEM_NAME, TBSDY, BHDATE, LBHDATE, STATUS, SYSTEM_TYPE, MISCFLGS) VALUES (1, 'IFinSnow基础平台', '20150623', '20150623', '20150624', '0', '1', null);
CREATE TABLE
    IFS_SYS_PARAM
    (
        PARAM_ID VARCHAR(4) NOT NULL,
        MAGIC_ID VARCHAR(20) NOT NULL,
        PARAM_START_TM CHARACTER(8),
        PARAM_END_TM CHARACTER(8),
        PARAM_CHANG_FLAG CHARACTER(1),
        PARAM_VALUE_TX VARCHAR(512),
        LAST_UPD_TLR VARCHAR(20),
        LAST_UPD_FUNC VARCHAR(20),
        LAST_UPD_DATE CHARACTER(8),
        DESC0 VARCHAR(256),
        ST CHARACTER(1),
        IS_LOCK CHARACTER(1),
        IS_DEL CHARACTER(1),
        CONSTRAINT PK_IFS_SYS_PARAM PRIMARY KEY (PARAM_ID, MAGIC_ID)
    );
INSERT INTO ifs_sys_param (PARAM_ID, MAGIC_ID, PARAM_START_TM, PARAM_END_TM, PARAM_CHANG_FLAG, PARAM_VALUE_TX, LAST_UPD_TLR, LAST_UPD_FUNC, LAST_UPD_DATE, DESC0, ST, IS_LOCK, IS_DEL) VALUES ('EXP', 'DIR', null, null, null, null, null, null, null, '批量导出的文件路径，默认为系统临时目录', null, 'F', 'F');
INSERT INTO ifs_sys_param (PARAM_ID, MAGIC_ID, PARAM_START_TM, PARAM_END_TM, PARAM_CHANG_FLAG, PARAM_VALUE_TX, LAST_UPD_TLR, LAST_UPD_FUNC, LAST_UPD_DATE, DESC0, ST, IS_LOCK, IS_DEL) VALUES ('EXP', 'ENCODING', null, null, null, 'utf-8', null, null, null, '批量导出的文件编码', null, 'F', 'F');
INSERT INTO ifs_sys_param (PARAM_ID, MAGIC_ID, PARAM_START_TM, PARAM_END_TM, PARAM_CHANG_FLAG, PARAM_VALUE_TX, LAST_UPD_TLR, LAST_UPD_FUNC, LAST_UPD_DATE, DESC0, ST, IS_LOCK, IS_DEL) VALUES ('EXP', 'PERFETCH', null, null, null, '100', null, null, null, '批量导出的每次请求的页数', null, 'F', 'F');
INSERT INTO ifs_sys_param (PARAM_ID, MAGIC_ID, PARAM_START_TM, PARAM_END_TM, PARAM_CHANG_FLAG, PARAM_VALUE_TX, LAST_UPD_TLR, LAST_UPD_FUNC, LAST_UPD_DATE, DESC0, ST, IS_LOCK, IS_DEL) VALUES ('EXP', 'THREAD_SIZE', null, null, null, '3', null, null, null, '批量导出的线程池大小', null, 'F', 'F');
INSERT INTO ifs_sys_param (PARAM_ID, MAGIC_ID, PARAM_START_TM, PARAM_END_TM, PARAM_CHANG_FLAG, PARAM_VALUE_TX, LAST_UPD_TLR, LAST_UPD_FUNC, LAST_UPD_DATE, DESC0, ST, IS_LOCK, IS_DEL) VALUES ('PSWD', 'COMPLEXITY', null, null, '1', '0000', null, null, null, '密码复杂度,4位数字,4位分别表示是否要求包含特殊字符,小写字母,大写字母,数字', '4', 'F', 'F');
INSERT INTO ifs_sys_param (PARAM_ID, MAGIC_ID, PARAM_START_TM, PARAM_END_TM, PARAM_CHANG_FLAG, PARAM_VALUE_TX, LAST_UPD_TLR, LAST_UPD_FUNC, LAST_UPD_DATE, DESC0, ST, IS_LOCK, IS_DEL) VALUES ('PSWD', 'DEFAULT_PWD', null, null, null, '123456', null, null, null, '系统用户增加时的默认密码', '4', 'F', 'F');
INSERT INTO ifs_sys_param (PARAM_ID, MAGIC_ID, PARAM_START_TM, PARAM_END_TM, PARAM_CHANG_FLAG, PARAM_VALUE_TX, LAST_UPD_TLR, LAST_UPD_FUNC, LAST_UPD_DATE, DESC0, ST, IS_LOCK, IS_DEL) VALUES ('PSWD', 'EFFECTIVE_DAY', null, null, '1', '60', null, null, null, '密码有效时间间隔（单位：天），超过此天数则强制更改密码，其中-1表示无穷大，默认为60', '4', 'F', 'F');
INSERT INTO ifs_sys_param (PARAM_ID, MAGIC_ID, PARAM_START_TM, PARAM_END_TM, PARAM_CHANG_FLAG, PARAM_VALUE_TX, LAST_UPD_TLR, LAST_UPD_FUNC, LAST_UPD_DATE, DESC0, ST, IS_LOCK, IS_DEL) VALUES ('PSWD', 'ENC_MODE', null, null, null, 'MD5', null, null, null, '密码加密方式,目前支持,MD5、AES', '2', 'T', 'F');
INSERT INTO ifs_sys_param (PARAM_ID, MAGIC_ID, PARAM_START_TM, PARAM_END_TM, PARAM_CHANG_FLAG, PARAM_VALUE_TX, LAST_UPD_TLR, LAST_UPD_FUNC, LAST_UPD_DATE, DESC0, ST, IS_LOCK, IS_DEL) VALUES ('PSWD', 'LIMIT', null, null, null, '6', null, null, null, '密码最小长度', '4', 'F', 'F');
INSERT INTO ifs_sys_param (PARAM_ID, MAGIC_ID, PARAM_START_TM, PARAM_END_TM, PARAM_CHANG_FLAG, PARAM_VALUE_TX, LAST_UPD_TLR, LAST_UPD_FUNC, LAST_UPD_DATE, DESC0, ST, IS_LOCK, IS_DEL) VALUES ('PSWD', 'LOCKING_TIME', null, null, '1', '30', null, null, null, '锁定时间（单位：分钟），其中-1表示无穷大，默认为30', '4', 'F', 'F');
INSERT INTO ifs_sys_param (PARAM_ID, MAGIC_ID, PARAM_START_TM, PARAM_END_TM, PARAM_CHANG_FLAG, PARAM_VALUE_TX, LAST_UPD_TLR, LAST_UPD_FUNC, LAST_UPD_DATE, DESC0, ST, IS_LOCK, IS_DEL) VALUES ('PSWD', 'LOGIN_RULE', null, null, null, '0', null, null, null, '是否限制用户登录，0不限制，1不能并发登录，默认为0（设置为1如果不正常退出需要管理员签退或session超时）', '4', 'F', 'F');
INSERT INTO ifs_sys_param (PARAM_ID, MAGIC_ID, PARAM_START_TM, PARAM_END_TM, PARAM_CHANG_FLAG, PARAM_VALUE_TX, LAST_UPD_TLR, LAST_UPD_FUNC, LAST_UPD_DATE, DESC0, ST, IS_LOCK, IS_DEL) VALUES ('PSWD', 'MAX_ERR_CNT', null, null, '1', '5', null, null, null, '密码输入最大允许错误次数，其中-1表示无穷大，默认为5', '4', 'F', 'F');
INSERT INTO ifs_sys_param (PARAM_ID, MAGIC_ID, PARAM_START_TM, PARAM_END_TM, PARAM_CHANG_FLAG, PARAM_VALUE_TX, LAST_UPD_TLR, LAST_UPD_FUNC, LAST_UPD_DATE, DESC0, ST, IS_LOCK, IS_DEL) VALUES ('PSWD', 'PREVENT_TIME', null, null, '1', '-1', null, null, null, '阻止用户在N(小时)内再次修改密码, -1表示不阻止', '4', 'F', 'F');
INSERT INTO ifs_sys_param (PARAM_ID, MAGIC_ID, PARAM_START_TM, PARAM_END_TM, PARAM_CHANG_FLAG, PARAM_VALUE_TX, LAST_UPD_TLR, LAST_UPD_FUNC, LAST_UPD_DATE, DESC0, ST, IS_LOCK, IS_DEL) VALUES ('PSWD', 'PSWD_STRENGTH', null, null, null, '1', null, null, null, '密码强度，1、2、3对应弱、中、强，默认为2', '4', 'F', 'F');
INSERT INTO ifs_sys_param (PARAM_ID, MAGIC_ID, PARAM_START_TM, PARAM_END_TM, PARAM_CHANG_FLAG, PARAM_VALUE_TX, LAST_UPD_TLR, LAST_UPD_FUNC, LAST_UPD_DATE, DESC0, ST, IS_LOCK, IS_DEL) VALUES ('PSWD', 'REPEAT_INTERVAL', null, null, null, '-1', null, null, null, '密码重复间隔. 用户密码必须与最近N次修改的密码不同. -1:不作限制. 默认为6次', '2', 'T', 'F');
INSERT INTO ifs_sys_param (PARAM_ID, MAGIC_ID, PARAM_START_TM, PARAM_END_TM, PARAM_CHANG_FLAG, PARAM_VALUE_TX, LAST_UPD_TLR, LAST_UPD_FUNC, LAST_UPD_DATE, DESC0, ST, IS_LOCK, IS_DEL) VALUES ('PSWD', 'SAVE_QUERY_LOG', null, null, null, '0', null, null, null, '记录系统查询日志，1:记录 0:不记录', '4', 'F', 'F');
INSERT INTO ifs_sys_param (PARAM_ID, MAGIC_ID, PARAM_START_TM, PARAM_END_TM, PARAM_CHANG_FLAG, PARAM_VALUE_TX, LAST_UPD_TLR, LAST_UPD_FUNC, LAST_UPD_DATE, DESC0, ST, IS_LOCK, IS_DEL) VALUES ('PSWD', 'USER_CLOSE', null, null, '1', '90', null, null, null, '用户登录设置天数不登录将自动无效 0 表示不生效 单位（天）', '4', 'F', 'F');
INSERT INTO ifs_sys_param (PARAM_ID, MAGIC_ID, PARAM_START_TM, PARAM_END_TM, PARAM_CHANG_FLAG, PARAM_VALUE_TX, LAST_UPD_TLR, LAST_UPD_FUNC, LAST_UPD_DATE, DESC0, ST, IS_LOCK, IS_DEL) VALUES ('SYS', 'CRONJOB_DBSTORE', null, null, null, '0', null, null, null, '定时任务数据是否持久化,1是持久化,0是不持久话；在集群情况下请使用持久化方式，重启生效', '4', 'F', 'F');
INSERT INTO ifs_sys_param (PARAM_ID, MAGIC_ID, PARAM_START_TM, PARAM_END_TM, PARAM_CHANG_FLAG, PARAM_VALUE_TX, LAST_UPD_TLR, LAST_UPD_FUNC, LAST_UPD_DATE, DESC0, ST, IS_LOCK, IS_DEL) VALUES ('SYS', 'CRONJOB_DELAY', null, null, null, '60', null, null, null, '定时任务服务延时启动时长，单位为：秒，默认60', '4', 'F', 'F');
INSERT INTO ifs_sys_param (PARAM_ID, MAGIC_ID, PARAM_START_TM, PARAM_END_TM, PARAM_CHANG_FLAG, PARAM_VALUE_TX, LAST_UPD_TLR, LAST_UPD_FUNC, LAST_UPD_DATE, DESC0, ST, IS_LOCK, IS_DEL) VALUES ('SYS', 'CRONJOB_RUNNING', null, null, null, '0', null, null, null, '定时任务服务是否启动,1是启动,0是不启动；重启生效', '4', 'F', 'F');
INSERT INTO ifs_sys_param (PARAM_ID, MAGIC_ID, PARAM_START_TM, PARAM_END_TM, PARAM_CHANG_FLAG, PARAM_VALUE_TX, LAST_UPD_TLR, LAST_UPD_FUNC, LAST_UPD_DATE, DESC0, ST, IS_LOCK, IS_DEL) VALUES ('SYS', 'CURRENT_DATE', null, null, null, '0', null, null, null, '系统日期,0采用GlobalInfo表批量日切日期,1采用系统当前日期', '4', 'F', 'F');
INSERT INTO ifs_sys_param (PARAM_ID, MAGIC_ID, PARAM_START_TM, PARAM_END_TM, PARAM_CHANG_FLAG, PARAM_VALUE_TX, LAST_UPD_TLR, LAST_UPD_FUNC, LAST_UPD_DATE, DESC0, ST, IS_LOCK, IS_DEL) VALUES ('SYS', 'EXPORT_BATCH_RUNNING', null, null, null, '0', null, null, null, '批量下载服务是否启动,1是启动,0是不启动；重启生效', null, 'F', 'F');
CREATE TABLE
    ROLE
    (
        ROLE_ID INTEGER NOT NULL GENERATED BY DEFAULT AS IDENTITY (START WITH 5),
        ROLE_NAME VARCHAR(50) NOT NULL,
        CREATE_TIME VARCHAR(14) DEFAULT '99991231235959' NOT NULL,
        CREATE_BY BIGINT DEFAULT 0 NOT NULL,
        UPDATE_TIME VARCHAR(14) DEFAULT '99991231235959' NOT NULL,
        UPDATE_BY BIGINT DEFAULT 0 NOT NULL,
        CONSTRAINT PK_ROLE PRIMARY KEY (ROLE_ID)
    );
INSERT INTO role (role_id, role_name, create_time, create_by, update_time, update_by) VALUES (1, '普通人', '99991231235959', 2, '99991231235959', 2);
INSERT INTO role (role_id, role_name, create_time, create_by, update_time, update_by) VALUES (2, '管理员', '99991231235959', 2, '99991231235959', 2);
INSERT INTO role (role_id, role_name, create_time, create_by, update_time, update_by) VALUES (3, '测试管理员', '99991231235959', 2, '99991231235959', 2);
CREATE TABLE
    ROLE_RESOURCE
    (
        ROLE_RES_ID INTEGER NOT NULL GENERATED BY DEFAULT AS IDENTITY (START WITH 77),
        ROLE_ID INTEGER DEFAULT 0 NOT NULL,
        URL_PATTERN VARCHAR(200) NOT NULL,
        URL_DESCRIPTION VARCHAR(200) NOT NULL,
        METHOD_MASK VARCHAR(4) NOT NULL,
        UPDATE_TIME VARCHAR(14) DEFAULT '99991231235959' NOT NULL,
        CONSTRAINT PK_ROLE_RESOURCE PRIMARY KEY (ROLE_RES_ID)
    );
INSERT INTO role_resource (role_res_id, role_id, url_pattern, url_description, method_mask, update_time) VALUES (1, 1, '/api/app/list', 'app列表', '1000', '99991231235959');
INSERT INTO role_resource (role_res_id, role_id, url_pattern, url_description, method_mask, update_time) VALUES (2, 2, '/api/app/list', 'app列表', '1000', '99991231235959');
INSERT INTO role_resource (role_res_id, role_id, url_pattern, url_description, method_mask, update_time) VALUES (3, 3, '/api/app/list', 'app列表', '1000', '99991231235959');
INSERT INTO role_resource (role_res_id, role_id, url_pattern, url_description, method_mask, update_time) VALUES (4, 1, '/api/app', '生成一个app', '0000', '99991231235959');
INSERT INTO role_resource (role_res_id, role_id, url_pattern, url_description, method_mask, update_time) VALUES (5, 2, '/api/app', '生成一个app', '0010', '99991231235959');
INSERT INTO role_resource (role_res_id, role_id, url_pattern, url_description, method_mask, update_time) VALUES (6, 3, '/api/app', '生成一个app', '0000', '99991231235959');
INSERT INTO role_resource (role_res_id, role_id, url_pattern, url_description, method_mask, update_time) VALUES (7, 1, '/api/env/list', 'env-list', '1000', '99991231235959');
INSERT INTO role_resource (role_res_id, role_id, url_pattern, url_description, method_mask, update_time) VALUES (8, 2, '/api/env/list', 'env-list', '1000', '99991231235959');
INSERT INTO role_resource (role_res_id, role_id, url_pattern, url_description, method_mask, update_time) VALUES (9, 3, '/api/env/list', 'env-list', '1000', '99991231235959');
INSERT INTO role_resource (role_res_id, role_id, url_pattern, url_description, method_mask, update_time) VALUES (10, 1, '/api/account/session', '会话', '1000', '99991231235959');
INSERT INTO role_resource (role_res_id, role_id, url_pattern, url_description, method_mask, update_time) VALUES (11, 2, '/api/account/session', '会话', '1000', '99991231235959');
INSERT INTO role_resource (role_res_id, role_id, url_pattern, url_description, method_mask, update_time) VALUES (12, 3, '/api/account/session', '会话', '1000', '99991231235959');
INSERT INTO role_resource (role_res_id, role_id, url_pattern, url_description, method_mask, update_time) VALUES (13, 1, '/api/account/signin', '登录', '1000', '99991231235959');
INSERT INTO role_resource (role_res_id, role_id, url_pattern, url_description, method_mask, update_time) VALUES (14, 2, '/api/account/signin', '登录', '1000', '99991231235959');
INSERT INTO role_resource (role_res_id, role_id, url_pattern, url_description, method_mask, update_time) VALUES (15, 3, '/api/account/signin', '登录', '1000', '99991231235959');
INSERT INTO role_resource (role_res_id, role_id, url_pattern, url_description, method_mask, update_time) VALUES (16, 1, '/api/account/signout', '登出', '1000', '99991231235959');
INSERT INTO role_resource (role_res_id, role_id, url_pattern, url_description, method_mask, update_time) VALUES (17, 2, '/api/account/signout', '登出', '1000', '99991231235959');
INSERT INTO role_resource (role_res_id, role_id, url_pattern, url_description, method_mask, update_time) VALUES (18, 3, '/api/account/signout', '登出', '1000', '99991231235959');
INSERT INTO role_resource (role_res_id, role_id, url_pattern, url_description, method_mask, update_time) VALUES (19, 1, '/api/config/item', '获取配置项', '1000', '99991231235959');
INSERT INTO role_resource (role_res_id, role_id, url_pattern, url_description, method_mask, update_time) VALUES (20, 2, '/api/config/item', '获取配置项', '1000', '99991231235959');
INSERT INTO role_resource (role_res_id, role_id, url_pattern, url_description, method_mask, update_time) VALUES (21, 3, '/api/config/item', '获取配置项', '1000', '99991231235959');
INSERT INTO role_resource (role_res_id, role_id, url_pattern, url_description, method_mask, update_time) VALUES (22, 1, '/api/config/file', '获取配置文件', '1000', '99991231235959');
INSERT INTO role_resource (role_res_id, role_id, url_pattern, url_description, method_mask, update_time) VALUES (23, 2, '/api/config/file', '获取配置文件', '1000', '99991231235959');
INSERT INTO role_resource (role_res_id, role_id, url_pattern, url_description, method_mask, update_time) VALUES (24, 3, '/api/config/file', '获取配置文件', '1000', '99991231235959');
INSERT INTO role_resource (role_res_id, role_id, url_pattern, url_description, method_mask, update_time) VALUES (25, 1, '/api/zoo/hosts', 'zoo', '1000', '99991231235959');
INSERT INTO role_resource (role_res_id, role_id, url_pattern, url_description, method_mask, update_time) VALUES (26, 2, '/api/zoo/hosts', 'zoo', '1000', '99991231235959');
INSERT INTO role_resource (role_res_id, role_id, url_pattern, url_description, method_mask, update_time) VALUES (27, 3, '/api/zoo/hosts', 'zoo', '1000', '99991231235959');
INSERT INTO role_resource (role_res_id, role_id, url_pattern, url_description, method_mask, update_time) VALUES (28, 1, '/api/zoo/prefix', 'zoo', '1000', '99991231235959');
INSERT INTO role_resource (role_res_id, role_id, url_pattern, url_description, method_mask, update_time) VALUES (29, 2, '/api/zoo/prefix', 'zoo', '1000', '99991231235959');
INSERT INTO role_resource (role_res_id, role_id, url_pattern, url_description, method_mask, update_time) VALUES (30, 3, '/api/zoo/prefix', 'zoo', '1000', '99991231235959');
INSERT INTO role_resource (role_res_id, role_id, url_pattern, url_description, method_mask, update_time) VALUES (31, 1, '/api/zoo/zkdeploy', 'zoo', '1000', '99991231235959');
INSERT INTO role_resource (role_res_id, role_id, url_pattern, url_description, method_mask, update_time) VALUES (32, 2, '/api/zoo/zkdeploy', 'zoo', '1000', '99991231235959');
INSERT INTO role_resource (role_res_id, role_id, url_pattern, url_description, method_mask, update_time) VALUES (33, 3, '/api/zoo/zkdeploy', 'zoo', '1000', '99991231235959');
INSERT INTO role_resource (role_res_id, role_id, url_pattern, url_description, method_mask, update_time) VALUES (34, 1, '/api/web/config/item', '创建item-config', '0010', '99991231235959');
INSERT INTO role_resource (role_res_id, role_id, url_pattern, url_description, method_mask, update_time) VALUES (35, 2, '/api/web/config/item', '创建item-config', '0010', '99991231235959');
INSERT INTO role_resource (role_res_id, role_id, url_pattern, url_description, method_mask, update_time) VALUES (36, 3, '/api/web/config/item', '创建item-config', '0000', '99991231235959');
INSERT INTO role_resource (role_res_id, role_id, url_pattern, url_description, method_mask, update_time) VALUES (37, 1, '/api/web/config/file', '创建file-config', '0010', '99991231235959');
INSERT INTO role_resource (role_res_id, role_id, url_pattern, url_description, method_mask, update_time) VALUES (38, 2, '/api/web/config/file', '创建file-config', '0010', '99991231235959');
INSERT INTO role_resource (role_res_id, role_id, url_pattern, url_description, method_mask, update_time) VALUES (39, 3, '/api/web/config/file', '创建file-config', '0000', '99991231235959');
INSERT INTO role_resource (role_res_id, role_id, url_pattern, url_description, method_mask, update_time) VALUES (40, 1, '/api/web/config/filetext', '创建file-config', '0010', '99991231235959');
INSERT INTO role_resource (role_res_id, role_id, url_pattern, url_description, method_mask, update_time) VALUES (41, 2, '/api/web/config/filetext', '创建file-config', '0010', '99991231235959');
INSERT INTO role_resource (role_res_id, role_id, url_pattern, url_description, method_mask, update_time) VALUES (42, 3, '/api/web/config/filetext', '创建file-config', '0000', '99991231235959');
INSERT INTO role_resource (role_res_id, role_id, url_pattern, url_description, method_mask, update_time) VALUES (43, 1, '/api/web/config/versionlist', '版本list', '1000', '99991231235959');
INSERT INTO role_resource (role_res_id, role_id, url_pattern, url_description, method_mask, update_time) VALUES (44, 2, '/api/web/config/versionlist', '版本list', '1000', '99991231235959');
INSERT INTO role_resource (role_res_id, role_id, url_pattern, url_description, method_mask, update_time) VALUES (45, 3, '/api/web/config/versionlist', '版本list', '1000', '99991231235959');
INSERT INTO role_resource (role_res_id, role_id, url_pattern, url_description, method_mask, update_time) VALUES (46, 1, '/api/web/config/list', 'config-list', '1000', '99991231235959');
INSERT INTO role_resource (role_res_id, role_id, url_pattern, url_description, method_mask, update_time) VALUES (47, 2, '/api/web/config/list', 'config-list', '1000', '99991231235959');
INSERT INTO role_resource (role_res_id, role_id, url_pattern, url_description, method_mask, update_time) VALUES (48, 3, '/api/web/config/list', 'config-list', '1000', '99991231235959');
INSERT INTO role_resource (role_res_id, role_id, url_pattern, url_description, method_mask, update_time) VALUES (49, 1, '/api/web/config/simple/list', 'config-list', '1000', '99991231235959');
INSERT INTO role_resource (role_res_id, role_id, url_pattern, url_description, method_mask, update_time) VALUES (50, 2, '/api/web/config/simple/list', 'config-list', '1000', '99991231235959');
INSERT INTO role_resource (role_res_id, role_id, url_pattern, url_description, method_mask, update_time) VALUES (51, 3, '/api/web/config/simple/list', 'config-list', '1000', '99991231235959');
INSERT INTO role_resource (role_res_id, role_id, url_pattern, url_description, method_mask, update_time) VALUES (52, 1, '/api/web/config/{configId}', 'get/post', '1001', '99991231235959');
INSERT INTO role_resource (role_res_id, role_id, url_pattern, url_description, method_mask, update_time) VALUES (53, 2, '/api/web/config/{configId}', 'get/post', '1001', '99991231235959');
INSERT INTO role_resource (role_res_id, role_id, url_pattern, url_description, method_mask, update_time) VALUES (54, 3, '/api/web/config/{configId}', 'get/post', '1000', '99991231235959');
INSERT INTO role_resource (role_res_id, role_id, url_pattern, url_description, method_mask, update_time) VALUES (55, 1, '/api/web/config/zk/{configId}', 'get-zk', '1000', '99991231235959');
INSERT INTO role_resource (role_res_id, role_id, url_pattern, url_description, method_mask, update_time) VALUES (56, 2, '/api/web/config/zk/{configId}', 'get-zk', '1000', '99991231235959');
INSERT INTO role_resource (role_res_id, role_id, url_pattern, url_description, method_mask, update_time) VALUES (57, 3, '/api/web/config/zk/{configId}', 'get-zk', '1000', '99991231235959');
INSERT INTO role_resource (role_res_id, role_id, url_pattern, url_description, method_mask, update_time) VALUES (58, 1, '/api/web/config/download/{configId}', 'download', '1000', '99991231235959');
INSERT INTO role_resource (role_res_id, role_id, url_pattern, url_description, method_mask, update_time) VALUES (59, 2, '/api/web/config/download/{configId}', 'download', '1000', '99991231235959');
INSERT INTO role_resource (role_res_id, role_id, url_pattern, url_description, method_mask, update_time) VALUES (60, 3, '/api/web/config/download/{configId}', 'download', '1000', '99991231235959');
INSERT INTO role_resource (role_res_id, role_id, url_pattern, url_description, method_mask, update_time) VALUES (61, 1, '/api/web/config/downloadfilebatch', 'download', '1000', '99991231235959');
INSERT INTO role_resource (role_res_id, role_id, url_pattern, url_description, method_mask, update_time) VALUES (62, 2, '/api/web/config/downloadfilebatch', 'download', '1000', '99991231235959');
INSERT INTO role_resource (role_res_id, role_id, url_pattern, url_description, method_mask, update_time) VALUES (63, 3, '/api/web/config/downloadfilebatch', 'download', '1000', '99991231235959');
INSERT INTO role_resource (role_res_id, role_id, url_pattern, url_description, method_mask, update_time) VALUES (64, 1, '/api/web/config/item/{configId}', 'update', '0100', '99991231235959');
INSERT INTO role_resource (role_res_id, role_id, url_pattern, url_description, method_mask, update_time) VALUES (65, 2, '/api/web/config/item/{configId}', 'update', '0100', '99991231235959');
INSERT INTO role_resource (role_res_id, role_id, url_pattern, url_description, method_mask, update_time) VALUES (66, 3, '/api/web/config/item/{configId}', 'update', '0000', '99991231235959');
INSERT INTO role_resource (role_res_id, role_id, url_pattern, url_description, method_mask, update_time) VALUES (67, 1, '/api/web/config/file/{configId}', 'update/post', '0010', '99991231235959');
INSERT INTO role_resource (role_res_id, role_id, url_pattern, url_description, method_mask, update_time) VALUES (68, 2, '/api/web/config/file/{configId}', 'update/post', '0010', '99991231235959');
INSERT INTO role_resource (role_res_id, role_id, url_pattern, url_description, method_mask, update_time) VALUES (69, 3, '/api/web/config/file/{configId}', 'update/post', '0000', '99991231235959');
INSERT INTO role_resource (role_res_id, role_id, url_pattern, url_description, method_mask, update_time) VALUES (70, 1, '/api/web/config/filetext/{configId}', 'update', '0100', '99991231235959');
INSERT INTO role_resource (role_res_id, role_id, url_pattern, url_description, method_mask, update_time) VALUES (71, 2, '/api/web/config/filetext/{configId}', 'update', '0100', '99991231235959');
INSERT INTO role_resource (role_res_id, role_id, url_pattern, url_description, method_mask, update_time) VALUES (72, 3, '/api/web/config/filetext/{configId}', 'update', '0000', '99991231235959');
INSERT INTO role_resource (role_res_id, role_id, url_pattern, url_description, method_mask, update_time) VALUES (73, 1, '/api/account/password', '修改密码', '0100', '99991231235959');
INSERT INTO role_resource (role_res_id, role_id, url_pattern, url_description, method_mask, update_time) VALUES (74, 2, '/api/account/password', '修改密码', '0100', '99991231235959');
INSERT INTO role_resource (role_res_id, role_id, url_pattern, url_description, method_mask, update_time) VALUES (75, 3, '/api/account/password', '修改密码', '0000', '99991231235959');


INSERT INTO tbl_be_bank (uuid, bank_code, bank_name, bank_desc, create_date, last_update_user, last_update_time) VALUES ('2980ced07db74cdcb376fa61af0f5c43', '0044', '工商银行', '', '20190717093548', 'admin', '20190717093548');
INSERT INTO tbl_be_bank (uuid, bank_code, bank_name, bank_desc, create_date, last_update_user, last_update_time) VALUES ('3b5136f32bf04d7a8525569cbf8b2c39', '0046', '中国银行', '', '20190717093621', 'admin', '20190717093621');
INSERT INTO tbl_be_bank (uuid, bank_code, bank_name, bank_desc, create_date, last_update_user, last_update_time) VALUES ('628c79b2e5424f59b1140d39e5d7a2ca', '0111', '民生银行', '', '20190717093816', 'admin', '20190717093816');
INSERT INTO tbl_be_bank (uuid, bank_code, bank_name, bank_desc, create_date, last_update_user, last_update_time) VALUES ('691c89d77502474ca09185f0ab01665a', '0131', '中信银行', '', '20190717093856', 'admin', '20190717093856');
INSERT INTO tbl_be_bank (uuid, bank_code, bank_name, bank_desc, create_date, last_update_user, last_update_time) VALUES ('6b623e1fd2994a2caa0a03fa706ae29f', '0101', '招商银行', '', '20190717093803', 'admin', '20190717093803');
INSERT INTO tbl_be_bank (uuid, bank_code, bank_name, bank_desc, create_date, last_update_user, last_update_time) VALUES ('773901201c42450c80912ae94ad469d8', '0121', '兴业银行', '', '20190717093840', 'admin', '20190717093840');
INSERT INTO tbl_be_bank (uuid, bank_code, bank_name, bank_desc, create_date, last_update_user, last_update_time) VALUES ('8543025d8f964cca921041630e8429c5', '0045', '建设银行', '', '20190717093606', 'admin', '20190717093606');
INSERT INTO tbl_be_bank (uuid, bank_code, bank_name, bank_desc, create_date, last_update_user, last_update_time) VALUES ('b727ef60b2d84a968ec1bc38da572440', '0081', '交通银行', '', '20190717093652', 'admin', '20190717093652');
INSERT INTO tbl_be_bank (uuid, bank_code, bank_name, bank_desc, create_date, last_update_user, last_update_time) VALUES ('f67715fc308847e8a2b150d30909d0a0', '0083', '华电财务', '', '20190717093750', 'admin', '20190717093750');
INSERT INTO tbl_be_bank (uuid, bank_code, bank_name, bank_desc, create_date, last_update_user, last_update_time) VALUES ('f73d5b8bc5e346edba5707acb62f24e5', '0047', '中国农业银行', '', '20190717093636', 'admin', '20190717093636');

drop table TBL_BE_CHANNEL
CREATE TABLE
    TBL_BE_CHANNEL
    (
        UUID VARCHAR(32) NOT NULL,
        CHANNEL_CODE VARCHAR(15) NOT NULL,
        CHANNEL_NAME VARCHAR(64) NOT NULL,
        CHANNEL_DESC VARCHAR(200),
        OPEN_TIME VARCHAR(14),
        CLOSE_TIME VARCHAR(14),
        CREATE_DATE VARCHAR(14) NOT NULL,
        LAST_UPDATE_USER VARCHAR(20) NOT NULL,
        LAST_UPDATE_TIME VARCHAR(14),
        CONSTRAINT PK_TBL_BE_CHANNEL PRIMARY KEY (UUID)
    );
INSERT INTO tbl_be_channel (uuid, channel_code, channel_name, channel_desc, open_time, close_time, create_date, last_update_user, last_update_time) VALUES ('7882534822bf45b697025804d4a02f45', 'chd010', '清算系统', '清算系统接入银企平台', '20190718093000', '20190729223000', '20190717113504', 'admin', '20190717113530');
INSERT INTO tbl_be_channel (uuid, channel_code, channel_name, channel_desc, open_time, close_time, create_date, last_update_user, last_update_time) VALUES ('81a0ce73cf5847a4900fad0b3383643e', 'chd003', '网银系统', '网银系统接入银企平台', null, null, '', '', '');
INSERT INTO tbl_be_channel (uuid, channel_code, channel_name, channel_desc, open_time, close_time, create_date, last_update_user, last_update_time) VALUES ('9033f4384e4f46bf99b02c88ed6a3ad1', 'chd009', '客户管理系统', '客户管理系统接入银企平台测试修', '20190717080000', '20190719230000', '20190717112444', 'admin', '20190717112444');
INSERT INTO tbl_be_channel (uuid, channel_code, channel_name, channel_desc, open_time, close_time, create_date, last_update_user, last_update_time) VALUES ('ba1ef7ed27bd41ec9d7195be7a55011d', 'chd006', '发卡系统', '发卡系统接入银企平台3', '', '', '20190717101958', 'admin', '20190717101958');
INSERT INTO tbl_be_channel (uuid, channel_code, channel_name, channel_desc, open_time, close_time, create_date, last_update_user, last_update_time) VALUES ('c24cb834b28048f18fc2e8478c7def18', 'chd007', '阿里巴巴支付宝', '支付宝接入银企平台2', '20190717080000', '20190717203000', '20190717102623', 'admin', '20190717113220');
INSERT INTO tbl_be_channel (uuid, channel_code, channel_name, channel_desc, open_time, close_time, create_date, last_update_user, last_update_time) VALUES ('ea914eba2bcc40399c84922b586c8fa2', 'chd002', '电票系统', 'f电票接入银企平台^p测试修改', null, null, '20190716163610', 'admin', '20190716163610');
INSERT INTO tbl_be_channel (uuid, channel_code, channel_name, channel_desc, open_time, close_time, create_date, last_update_user, last_update_time) VALUES ('eb6622105c6c4190b9b8c9f70234e258', 'chd002', '电票系统他', 'adfadsf电票接入银企平台', '20211006000000', '20150622000000', '20190717111313', 'admin', '20190717111313');


INSERT INTO tbl_be_record_log (uuid, req_seq_no, req_time, resp_date, req_sys, resp_sys, tran_code, req_msg, resp_msg, resp_code, server_ip) VALUES ('1001', '111111', '20140420125659', '20140429195659', 'cc', 'dd', 'aa', '<?xml version="1.0" encoding="gbk" ?>
<BEDC>
<Message>
<commHead>
<tranCode>0011</tranCode>
<cifMaster>1000147787</cifMaster>
<entSeqNo>201702050011152306</entSeqNo>
<tranDate>20170205</tranDate>
<tranTime>152306</tranTime>
<retCode>000</retCode>
<entUserId>100001</entUserId>
<password>092cec3a80bee5c6b977ddac6f1ffefe10bdbd60dda7c884e79f398d8502b18b93bd0bba49559a08fa424b92a2f3bc6ea975047df2bcfc6d2398d099bcc88c1524de84044b56165fed721170d73d4c3a79c2cfd6ce4cfc634af25f9ce8d4ece913d00d8cd7f48bc3701970ab1ecd9f890e93853b8d4e14478ea92a323a996ef53f01019b9ef7b2306480eccb9d80004b621fb57784afd54f3f258feab38effb436bd9f42f3d508194048c399e10262e64af5b115d40588e43c1814f4869364cb2cae93e5a8e7e1f24ecf032b965d42e0d435f744596bdf7e71591f98850ebf3533a4f9c1e34b5ed95f013e9bc06bbae989ca2b3d0fe5a7d7cef8a08462722b3c</password>
</commHead>
<Body>
<traceNo>RT2000040525916</traceNo>
<outAccName>测试</outAccName>
<outAcc>9550880051023100284</outAcc>
<outAccBank/>
<inAccName>北京数码视讯支付技术有限公司客户备付金</inAccName>
<inAcc>137281505010000023</inAcc>
<inAccBank>北京分行上地支行</inAccBank>
<inAccAdd/>
<amount>11.88</amount>
<remark>0011zy</remark>
<date/>
<comment>0011fy</comment>
<creNo/>
<frBalance>59964.18</frBalance>
<toBalance/>
<handleFee>18.00</handleFee>
</Body>
</Message>
</BEDC>', '<?xml version="1.0" encoding="gbk" ?>
<BEDC>
<Message>
<commHead>
<tranCode>0011</tranCode>
<cifMaster>1000147787</cifMaster>
<entSeqNo>201702050011152306</entSeqNo>
<tranDate>20170205</tranDate>
<tranTime>152306</tranTime>
<retCode>000</retCode>
<entUserId>100001</entUserId>
<password>092cec3a80bee5c6b977ddac6f1ffefe10bdbd60dda7c884e79f398d8502b18b93bd0bba49559a08fa424b92a2f3bc6ea975047df2bcfc6d2398d099bcc88c1524de84044b56165fed721170d73d4c3a79c2cfd6ce4cfc634af25f9ce8d4ece913d00d8cd7f48bc3701970ab1ecd9f890e93853b8d4e14478ea92a323a996ef53f01019b9ef7b2306480eccb9d80004b621fb57784afd54f3f258feab38effb436bd9f42f3d508194048c399e10262e64af5b115d40588e43c1814f4869364cb2cae93e5a8e7e1f24ecf032b965d42e0d435f744596bdf7e71591f98850ebf3533a4f9c1e34b5ed95f013e9bc06bbae989ca2b3d0fe5a7d7cef8a08462722b3c</password>
</commHead>
<Body>
<traceNo>RT2000040525916</traceNo>
<outAccName>测试</outAccName>
<outAcc>9550880051023100284</outAcc>
<outAccBank/>
<inAccName>北京数码视讯支付技术有限公司客户备付金</inAccName>
<inAcc>137281505010000023</inAcc>
<inAccBank>北京分行上地支行</inAccBank>
<inAccAdd/>
<amount>11.88</amount>
<remark>0011zy</remark>
<date/>
<comment>0011fy</comment>
<creNo/>
<frBalance>59964.18</frBalance>
<toBalance/>
<handleFee>18.00</handleFee>
</Body>
</Message>
</BEDC>', '200', '192.168.1.1');
INSERT INTO tbl_be_record_log (uuid, req_seq_no, req_time, resp_date, req_sys, resp_sys, tran_code, req_msg, resp_msg, resp_code, server_ip) VALUES ('1002', '12345', '20140729195659', '20140804161820', 'aa', 'bb', '2', '<?xml version="1.0" encoding = "GBK"?>
<BEDC>
<Message>
<commHead>
<tranCode>0011</tranCode>
<cifMaster>1000147787</cifMaster>
<entSeqNo>201702050011152306</entSeqNo>
<tranDate>20170205</tranDate>
<tranTime>152306</tranTime>
<retCode>000</retCode>
<entUserId>100001</entUserId>
<password><![CDATA[1q2w3e4r]]></password>
</commHead>
<Body>---报文体
<traceNo></traceNo>
<outAccName>测试</outAccName>
<outAcc>9550880051023100284</outAcc>
<outAccBank></outAccBank>
<inAccName>北京数码视讯支付技术有限公司客户备付金</inAccName>
<inAcc>137281505010000023</inAcc>
<inAccBank></inAccBank>
<inAccAdd></inAccAdd>
<amount>11.88</amount>
<remark>0011zy</remark>
<date></date>
<comment>0011fy</comment>
<creNo></creNo>
<frBalance></frBalance>
<toBalance></toBalance>
<handleFee></handleFee>
</Body>---报文体
</Message>
</BEDC>', '<?xml version="1.0" encoding="gbk" ?>
<BEDC>
<Message>
<commHead>
<tranCode>0011</tranCode>
<cifMaster>1000147787</cifMaster>
<entSeqNo>201702050011152306</entSeqNo>
<tranDate>20170205</tranDate>
<tranTime>152306</tranTime>
<retCode>000</retCode>
<entUserId>100001</entUserId>
<password>092cec3a80bee5c6b977ddac6f1ffefe10bdbd60dda7c884e79f398d8502b18b93bd0bba49559a08fa424b92a2f3bc6ea975047df2bcfc6d2398d099bcc88c1524de84044b56165fed721170d73d4c3a79c2cfd6ce4cfc634af25f9ce8d4ece913d00d8cd7f48bc3701970ab1ecd9f890e93853b8d4e14478ea92a323a996ef53f01019b9ef7b2306480eccb9d80004b621fb57784afd54f3f258feab38effb436bd9f42f3d508194048c399e10262e64af5b115d40588e43c1814f4869364cb2cae93e5a8e7e1f24ecf032b965d42e0d435f744596bdf7e71591f98850ebf3533a4f9c1e34b5ed95f013e9bc06bbae989ca2b3d0fe5a7d7cef8a08462722b3c</password>
</commHead>
<Body>
<traceNo>RT2000040525916</traceNo>
<outAccName>测试</outAccName>
<outAcc>9550880051023100284</outAcc>
<outAccBank/>
<inAccName>北京数码视讯支付技术有限公司客户备付金</inAccName>
<inAcc>137281505010000023</inAcc>
<inAccBank>北京分行上地支行</inAccBank>
<inAccAdd/>
<amount>11.88</amount>
<remark>0011zy</remark>
<date/>
<comment>0011fy</comment>
<creNo/>
<frBalance>59964.18</frBalance>
<toBalance/>
<handleFee>18.00</handleFee>
</Body>
</Message>
</BEDC>', '200', '192.168.1.104');
INSERT INTO tbl_be_record_log (uuid, req_seq_no, req_time, resp_date, req_sys, resp_sys, tran_code, req_msg, resp_msg, resp_code, server_ip) VALUES ('1003', '15151513', '20150420125659', '20150422125659', 'ee', 'ff', '33', '<?xml version="1.0" encoding="gbk" ?>
<BEDC>
<Message>
<commHead>
<tranCode>0011</tranCode>
<cifMaster>1000147787</cifMaster>
<entSeqNo>201702050011152306</entSeqNo>
<tranDate>20170205</tranDate>
<tranTime>152306</tranTime>
<retCode>000</retCode>
<entUserId>100001</entUserId>
<password>092cec3a80bee5c6b977ddac6f1ffefe10bdbd60dda7c884e79f398d8502b18b93bd0bba49559a08fa424b92a2f3bc6ea975047df2bcfc6d2398d099bcc88c1524de84044b56165fed721170d73d4c3a79c2cfd6ce4cfc634af25f9ce8d4ece913d00d8cd7f48bc3701970ab1ecd9f890e93853b8d4e14478ea92a323a996ef53f01019b9ef7b2306480eccb9d80004b621fb57784afd54f3f258feab38effb436bd9f42f3d508194048c399e10262e64af5b115d40588e43c1814f4869364cb2cae93e5a8e7e1f24ecf032b965d42e0d435f744596bdf7e71591f98850ebf3533a4f9c1e34b5ed95f013e9bc06bbae989ca2b3d0fe5a7d7cef8a08462722b3c</password>
</commHead>
<Body>
<traceNo>RT2000040525916</traceNo>
<outAccName>测试</outAccName>
<outAcc>9550880051023100284</outAcc>
<outAccBank/>
<inAccName>北京数码视讯支付技术有限公司客户备付金</inAccName>
<inAcc>137281505010000023</inAcc>
<inAccBank>北京分行上地支行</inAccBank>
<inAccAdd/>
<amount>11.88</amount>
<remark>0011zy</remark>
<date/>
<comment>0011fy</comment>
<creNo/>
<frBalance>59964.18</frBalance>
<toBalance/>
<handleFee>18.00</handleFee>
</Body>
</Message>
</BEDC>', '<?xml version="1.0" encoding="gbk" ?>
<BEDC>
<Message>
<commHead>
<tranCode>0011</tranCode>
<cifMaster>1000147787</cifMaster>
<entSeqNo>201702050011152306</entSeqNo>
<tranDate>20170205</tranDate>
<tranTime>152306</tranTime>
<retCode>000</retCode>
<entUserId>100001</entUserId>
<password>092cec3a80bee5c6b977ddac6f1ffefe10bdbd60dda7c884e79f398d8502b18b93bd0bba49559a08fa424b92a2f3bc6ea975047df2bcfc6d2398d099bcc88c1524de84044b56165fed721170d73d4c3a79c2cfd6ce4cfc634af25f9ce8d4ece913d00d8cd7f48bc3701970ab1ecd9f890e93853b8d4e14478ea92a323a996ef53f01019b9ef7b2306480eccb9d80004b621fb57784afd54f3f258feab38effb436bd9f42f3d508194048c399e10262e64af5b115d40588e43c1814f4869364cb2cae93e5a8e7e1f24ecf032b965d42e0d435f744596bdf7e71591f98850ebf3533a4f9c1e34b5ed95f013e9bc06bbae989ca2b3d0fe5a7d7cef8a08462722b3c</password>
</commHead>
<Body>
<traceNo>RT2000040525916</traceNo>
<outAccName>测试</outAccName>
<outAcc>9550880051023100284</outAcc>
<outAccBank/>
<inAccName>北京数码视讯支付技术有限公司客户备付金</inAccName>
<inAcc>137281505010000023</inAcc>
<inAccBank>北京分行上地支行</inAccBank>
<inAccAdd/>
<amount>11.88</amount>
<remark>0011zy</remark>
<date/>
<comment>0011fy</comment>
<creNo/>
<frBalance>59964.18</frBalance>
<toBalance/>
<handleFee>18.00</handleFee>
</Body>
</Message>
</BEDC>', '302', '10.14.15.35');
INSERT INTO tbl_be_record_log (uuid, req_seq_no, req_time, resp_date, req_sys, resp_sys, tran_code, req_msg, resp_msg, resp_code, server_ip) VALUES ('1004', '566111', '20160420125659', '20160422125659', 'gg', 'hh', '44', '<?xml version="1.0" encoding="gbk" ?>
<BEDC>
<Message>
<commHead>
<tranCode>0011</tranCode>
<cifMaster>1000147787</cifMaster>
<entSeqNo>201702050011152306</entSeqNo>
<tranDate>20170205</tranDate>
<tranTime>152306</tranTime>
<retCode>000</retCode>
<entUserId>100001</entUserId>
<password>092cec3a80bee5c6b977ddac6f1ffefe10bdbd60dda7c884e79f398d8502b18b93bd0bba49559a08fa424b92a2f3bc6ea975047df2bcfc6d2398d099bcc88c1524de84044b56165fed721170d73d4c3a79c2cfd6ce4cfc634af25f9ce8d4ece913d00d8cd7f48bc3701970ab1ecd9f890e93853b8d4e14478ea92a323a996ef53f01019b9ef7b2306480eccb9d80004b621fb57784afd54f3f258feab38effb436bd9f42f3d508194048c399e10262e64af5b115d40588e43c1814f4869364cb2cae93e5a8e7e1f24ecf032b965d42e0d435f744596bdf7e71591f98850ebf3533a4f9c1e34b5ed95f013e9bc06bbae989ca2b3d0fe5a7d7cef8a08462722b3c</password>
</commHead>
<Body>
<traceNo>RT2000040525916</traceNo>
<outAccName>测试</outAccName>
<outAcc>9550880051023100284</outAcc>
<outAccBank/>
<inAccName>北京数码视讯支付技术有限公司客户备付金</inAccName>
<inAcc>137281505010000023</inAcc>
<inAccBank>北京分行上地支行</inAccBank>
<inAccAdd/>
<amount>11.88</amount>
<remark>0011zy</remark>
<date/>
<comment>0011fy</comment>
<creNo/>
<frBalance>59964.18</frBalance>
<toBalance/>
<handleFee>18.00</handleFee>
</Body>
</Message>
</BEDC>', '<?xml version="1.0" encoding="gbk" ?>
<BEDC>
<Message>
<commHead>
<tranCode>0011</tranCode>
<cifMaster>1000147787</cifMaster>
<entSeqNo>201702050011152306</entSeqNo>
<tranDate>20170205</tranDate>
<tranTime>152306</tranTime>
<retCode>000</retCode>
<entUserId>100001</entUserId>
<password>092cec3a80bee5c6b977ddac6f1ffefe10bdbd60dda7c884e79f398d8502b18b93bd0bba49559a08fa424b92a2f3bc6ea975047df2bcfc6d2398d099bcc88c1524de84044b56165fed721170d73d4c3a79c2cfd6ce4cfc634af25f9ce8d4ece913d00d8cd7f48bc3701970ab1ecd9f890e93853b8d4e14478ea92a323a996ef53f01019b9ef7b2306480eccb9d80004b621fb57784afd54f3f258feab38effb436bd9f42f3d508194048c399e10262e64af5b115d40588e43c1814f4869364cb2cae93e5a8e7e1f24ecf032b965d42e0d435f744596bdf7e71591f98850ebf3533a4f9c1e34b5ed95f013e9bc06bbae989ca2b3d0fe5a7d7cef8a08462722b3c</password>
</commHead>
<Body>
<traceNo>RT2000040525916</traceNo>
<outAccName>测试</outAccName>
<outAcc>9550880051023100284</outAcc>
<outAccBank/>
<inAccName>北京数码视讯支付技术有限公司客户备付金</inAccName>
<inAcc>137281505010000023</inAcc>
<inAccBank>北京分行上地支行</inAccBank>
<inAccAdd/>
<amount>11.88</amount>
<remark>0011zy</remark>
<date/>
<comment>0011fy</comment>
<creNo/>
<frBalance>59964.18</frBalance>
<toBalance/>
<handleFee>18.00</handleFee>
</Body>
</Message>
</BEDC>', '404', '127.0.0.1');
INSERT INTO tbl_be_record_log (uuid, req_seq_no, req_time, resp_date, req_sys, resp_sys, tran_code, req_msg, resp_msg, resp_code, server_ip) VALUES ('1005', '987456', '20170420125659', '20170420125659', 'ii', 'jj', '55', '<?xml version="1.0" encoding="gbk" ?>
<BEDC>
<Message>
<commHead>
<tranCode>0011</tranCode>
<cifMaster>1000147787</cifMaster>
<entSeqNo>201702050011152306</entSeqNo>
<tranDate>20170205</tranDate>
<tranTime>152306</tranTime>
<retCode>000</retCode>
<entUserId>100001</entUserId>
<password>092cec3a80bee5c6b977ddac6f1ffefe10bdbd60dda7c884e79f398d8502b18b93bd0bba49559a08fa424b92a2f3bc6ea975047df2bcfc6d2398d099bcc88c1524de84044b56165fed721170d73d4c3a79c2cfd6ce4cfc634af25f9ce8d4ece913d00d8cd7f48bc3701970ab1ecd9f890e93853b8d4e14478ea92a323a996ef53f01019b9ef7b2306480eccb9d80004b621fb57784afd54f3f258feab38effb436bd9f42f3d508194048c399e10262e64af5b115d40588e43c1814f4869364cb2cae93e5a8e7e1f24ecf032b965d42e0d435f744596bdf7e71591f98850ebf3533a4f9c1e34b5ed95f013e9bc06bbae989ca2b3d0fe5a7d7cef8a08462722b3c</password>
</commHead>
<Body>
<traceNo>RT2000040525916</traceNo>
<outAccName>测试</outAccName>
<outAcc>9550880051023100284</outAcc>
<outAccBank/>
<inAccName>北京数码视讯支付技术有限公司客户备付金</inAccName>
<inAcc>137281505010000023</inAcc>
<inAccBank>北京分行上地支行</inAccBank>
<inAccAdd/>
<amount>11.88</amount>
<remark>0011zy</remark>
<date/>
<comment>0011fy</comment>
<creNo/>
<frBalance>59964.18</frBalance>
<toBalance/>
<handleFee>18.00</handleFee>
</Body>
</Message>
</BEDC>', '<?xml version="1.0" encoding="gbk" ?>
<BEDC>
<Message>
<commHead>
<tranCode>0011</tranCode>
<cifMaster>1000147787</cifMaster>
<entSeqNo>201702050011152306</entSeqNo>
<tranDate>20170205</tranDate>
<tranTime>152306</tranTime>
<retCode>000</retCode>
<entUserId>100001</entUserId>
<password>092cec3a80bee5c6b977ddac6f1ffefe10bdbd60dda7c884e79f398d8502b18b93bd0bba49559a08fa424b92a2f3bc6ea975047df2bcfc6d2398d099bcc88c1524de84044b56165fed721170d73d4c3a79c2cfd6ce4cfc634af25f9ce8d4ece913d00d8cd7f48bc3701970ab1ecd9f890e93853b8d4e14478ea92a323a996ef53f01019b9ef7b2306480eccb9d80004b621fb57784afd54f3f258feab38effb436bd9f42f3d508194048c399e10262e64af5b115d40588e43c1814f4869364cb2cae93e5a8e7e1f24ecf032b965d42e0d435f744596bdf7e71591f98850ebf3533a4f9c1e34b5ed95f013e9bc06bbae989ca2b3d0fe5a7d7cef8a08462722b3c</password>
</commHead>
<Body>
<traceNo>RT2000040525916</traceNo>
<outAccName>测试</outAccName>
<outAcc>9550880051023100284</outAcc>
<outAccBank/>
<inAccName>北京数码视讯支付技术有限公司客户备付金</inAccName>
<inAcc>137281505010000023</inAcc>
<inAccBank>北京分行上地支行</inAccBank>
<inAccAdd/>
<amount>11.88</amount>
<remark>0011zy</remark>
<date/>
<comment>0011fy</comment>
<creNo/>
<frBalance>59964.18</frBalance>
<toBalance/>
<handleFee>18.00</handleFee>
</Body>
</Message>
</BEDC>', '500', '10.30.25.16');
INSERT INTO tbl_be_record_log (uuid, req_seq_no, req_time, resp_date, req_sys, resp_sys, tran_code, req_msg, resp_msg, resp_code, server_ip) VALUES ('1006', '1235466', '20180420125659', '20180420125659', 'kk', 'll', '66', '<?xml version="1.0" encoding="gbk" ?>
<BEDC>
<Message>
<commHead>
<tranCode>0011</tranCode>
<cifMaster>1000147787</cifMaster>
<entSeqNo>201702050011152306</entSeqNo>
<tranDate>20170205</tranDate>
<tranTime>152306</tranTime>
<retCode>000</retCode>
<entUserId>100001</entUserId>
<password>092cec3a80bee5c6b977ddac6f1ffefe10bdbd60dda7c884e79f398d8502b18b93bd0bba49559a08fa424b92a2f3bc6ea975047df2bcfc6d2398d099bcc88c1524de84044b56165fed721170d73d4c3a79c2cfd6ce4cfc634af25f9ce8d4ece913d00d8cd7f48bc3701970ab1ecd9f890e93853b8d4e14478ea92a323a996ef53f01019b9ef7b2306480eccb9d80004b621fb57784afd54f3f258feab38effb436bd9f42f3d508194048c399e10262e64af5b115d40588e43c1814f4869364cb2cae93e5a8e7e1f24ecf032b965d42e0d435f744596bdf7e71591f98850ebf3533a4f9c1e34b5ed95f013e9bc06bbae989ca2b3d0fe5a7d7cef8a08462722b3c</password>
</commHead>
<Body>
<traceNo>RT2000040525916</traceNo>
<outAccName>测试</outAccName>
<outAcc>9550880051023100284</outAcc>
<outAccBank/>
<inAccName>北京数码视讯支付技术有限公司客户备付金</inAccName>
<inAcc>137281505010000023</inAcc>
<inAccBank>北京分行上地支行</inAccBank>
<inAccAdd/>
<amount>11.88</amount>
<remark>0011zy</remark>
<date/>
<comment>0011fy</comment>
<creNo/>
<frBalance>59964.18</frBalance>
<toBalance/>
<handleFee>18.00</handleFee>
</Body>
</Message>
</BEDC>', '<?xml version="1.0" encoding="gbk" ?>
<BEDC>
<Message>
<commHead>
<tranCode>0011</tranCode>
<cifMaster>1000147787</cifMaster>
<entSeqNo>201702050011152306</entSeqNo>
<tranDate>20170205</tranDate>
<tranTime>152306</tranTime>
<retCode>000</retCode>
<entUserId>100001</entUserId>
<password>092cec3a80bee5c6b977ddac6f1ffefe10bdbd60dda7c884e79f398d8502b18b93bd0bba49559a08fa424b92a2f3bc6ea975047df2bcfc6d2398d099bcc88c1524de84044b56165fed721170d73d4c3a79c2cfd6ce4cfc634af25f9ce8d4ece913d00d8cd7f48bc3701970ab1ecd9f890e93853b8d4e14478ea92a323a996ef53f01019b9ef7b2306480eccb9d80004b621fb57784afd54f3f258feab38effb436bd9f42f3d508194048c399e10262e64af5b115d40588e43c1814f4869364cb2cae93e5a8e7e1f24ecf032b965d42e0d435f744596bdf7e71591f98850ebf3533a4f9c1e34b5ed95f013e9bc06bbae989ca2b3d0fe5a7d7cef8a08462722b3c</password>
</commHead>
<Body>
<traceNo>RT2000040525916</traceNo>
<outAccName>测试</outAccName>
<outAcc>9550880051023100284</outAcc>
<outAccBank/>
<inAccName>北京数码视讯支付技术有限公司客户备付金</inAccName>
<inAcc>137281505010000023</inAcc>
<inAccBank>北京分行上地支行</inAccBank>
<inAccAdd/>
<amount>11.88</amount>
<remark>0011zy</remark>
<date/>
<comment>0011fy</comment>
<creNo/>
<frBalance>59964.18</frBalance>
<toBalance/>
<handleFee>18.00</handleFee>
</Body>
</Message>
</BEDC>', '500', '10.9.9.220');


INSERT INTO tbl_be_trade_cfg (uuid, trade_code, trade_name, loop_time, trade_desc, create_date, last_update_user, last_update_time) VALUES ('0cb34a7d3f96475b9e0f165929a1d01b', '002', '单笔转账1', 500, '广发银行单笔转账接口1', '20190717183735', 'admin', '20190717183752');
INSERT INTO tbl_be_trade_cfg (uuid, trade_code, trade_name, loop_time, trade_desc, create_date, last_update_user, last_update_time) VALUES ('a3ec5f7bcdae44479d044a61cec69278', '003', '账号查询', 50, '广发银行账号查询接口', '20190717185356', 'admin', '20190717185356');
CREATE TABLE
    USER
    (
        USER_ID BIGINT NOT NULL GENERATED BY DEFAULT AS IDENTITY (START WITH 10),
        NAME VARCHAR(50) NOT NULL,
        PASSWORD VARCHAR(255) NOT NULL,
        TOKEN VARCHAR(255) NOT NULL,
        OWNAPPS VARCHAR(255) NOT NULL,
        ROLE_ID BIGINT DEFAULT 1 NOT NULL,
        CONSTRAINT PK_USER PRIMARY KEY (USER_ID)
    );
INSERT INTO user (user_id, name, password, token, ownapps, role_id) VALUES (1, 'testUser1', '5eec8499597a115c88e0a9580ae1562ab85d0b1a', 'b9070d385a13357efa09e50e080607c2b299241b', '2', 1);
INSERT INTO user (user_id, name, password, token, ownapps, role_id) VALUES (2, 'testUser2', '71e9dc667eefa5a3a4840cb4f1ce22bc246f22f0', 'b169dec42f61ec6cbad88d70e7c4c6b89630ccfb', '2', 1);
INSERT INTO user (user_id, name, password, token, ownapps, role_id) VALUES (3, 'testUser3', 'e2cdc4a9195030543e38e19a923f075d54471cc4', 'a1a20b0e03a5191c530cbfc064eda3c16254df64', '2', 1);
INSERT INTO user (user_id, name, password, token, ownapps, role_id) VALUES (4, 'testUser4', '5cef2d7e4ada5a615f03e12b569d80aedfb056fc', '007b07fccbc1c82c987f7b8e4651e85cca01cf2b', '2', 1);
INSERT INTO user (user_id, name, password, token, ownapps, role_id) VALUES (5, 'testUser5', 'f996eeaa224abe0037d99adbce73c315e13238f9', 'c9dfdcb50a3d84f2b6a4771dcb7c2ceb19e7d281', '2', 1);
INSERT INTO user (user_id, name, password, token, ownapps, role_id) VALUES (6, 'admin', 'd033e22ae348aeb5660fc2140aec35850c4da997', 'f28d164d23291c732f64134e6b7d92be3ff8b1b3', '', 2);
INSERT INTO user (user_id, name, password, token, ownapps, role_id) VALUES (7, 'admin_read', 'b76f3e20d1c8d0bc17d40158e44097d5eeee8640', '2022ab9c2754d62f9ddba5fded91e4238247ebaf', '2', 3);
INSERT INTO user (user_id, name, password, token, ownapps, role_id) VALUES (8, 'mobiledsp', '0855b44a368e44dc6e6825532073b29a368584af', '132069654193f802203d1c6c86e753ecede698f6', '4', 1);


select * from TBL_BE_BANK;
