
INSERT INTO IFS_DATA_DIC (ID, DATA_TYPE_NO, DATA_NO, DATA_TYPE_NAME, DATA_NO_LEN, DATA_NAME, LIMIT_FLAG, HIGH_LIMIT, LOW_LIMIT, MISCFLGS) VALUES ('IFSSYS001', '100', '0', '是否', 1, '否', null, null, null, null);
INSERT INTO IFS_DATA_DIC (ID, DATA_TYPE_NO, DATA_NO, DATA_TYPE_NAME, DATA_NO_LEN, DATA_NAME, LIMIT_FLAG, HIGH_LIMIT, LOW_LIMIT, MISCFLGS) VALUES ('IFSSYS002', '100', '1', '是否', 1, '是', null, null, null, null);
INSERT INTO IFS_DATA_DIC (ID, DATA_TYPE_NO, DATA_NO, DATA_TYPE_NAME, DATA_NO_LEN, DATA_NAME, LIMIT_FLAG, HIGH_LIMIT, LOW_LIMIT, MISCFLGS) VALUES ('IFSSYS003', '102', '0', '有效标志', 1, '0-无效', null, null, null, null);
INSERT INTO IFS_DATA_DIC (ID, DATA_TYPE_NO, DATA_NO, DATA_TYPE_NAME, DATA_NO_LEN, DATA_NAME, LIMIT_FLAG, HIGH_LIMIT, LOW_LIMIT, MISCFLGS) VALUES ('IFSSYS004', '102', '1', '有效标志', 1, '1-有效', null, null, null, null);
INSERT INTO IFS_DATA_DIC (ID, DATA_TYPE_NO, DATA_NO, DATA_TYPE_NAME, DATA_NO_LEN, DATA_NAME, LIMIT_FLAG, HIGH_LIMIT, LOW_LIMIT, MISCFLGS) VALUES ('IFSSYS005', '105', '1', '机构级别', 1, '1-总行', '0', '0', '0', null);
INSERT INTO IFS_DATA_DIC (ID, DATA_TYPE_NO, DATA_NO, DATA_TYPE_NAME, DATA_NO_LEN, DATA_NAME, LIMIT_FLAG, HIGH_LIMIT, LOW_LIMIT, MISCFLGS) VALUES ('IFSSYS006', '105', '2', '机构级别', 1, '2-分行', '0', '0', '0', null);
INSERT INTO IFS_DATA_DIC (ID, DATA_TYPE_NO, DATA_NO, DATA_TYPE_NAME, DATA_NO_LEN, DATA_NAME, LIMIT_FLAG, HIGH_LIMIT, LOW_LIMIT, MISCFLGS) VALUES ('IFSSYS007', '105', '3', '机构级别', 1, '3-个贷中心', '0', '0', '0', null);
INSERT INTO IFS_DATA_DIC (ID, DATA_TYPE_NO, DATA_NO, DATA_TYPE_NAME, DATA_NO_LEN, DATA_NAME, LIMIT_FLAG, HIGH_LIMIT, LOW_LIMIT, MISCFLGS) VALUES ('IFSSYS008', '105', '5', '机构级别', 1, '5-支行', '0', '0', '0', null);
INSERT INTO IFS_DATA_DIC (ID, DATA_TYPE_NO, DATA_NO, DATA_TYPE_NAME, DATA_NO_LEN, DATA_NAME, LIMIT_FLAG, HIGH_LIMIT, LOW_LIMIT, MISCFLGS) VALUES ('IFSSYS009', '37', '0', '登陆状态', 1, '0-已签退', null, null, null, null);
INSERT INTO IFS_DATA_DIC (ID, DATA_TYPE_NO, DATA_NO, DATA_TYPE_NAME, DATA_NO_LEN, DATA_NAME, LIMIT_FLAG, HIGH_LIMIT, LOW_LIMIT, MISCFLGS) VALUES ('IFSSYS010', '37', '1', '登陆状态', 1, '1-已登陆', null, null, null, null);
INSERT INTO IFS_DATA_DIC (ID, DATA_TYPE_NO, DATA_NO, DATA_TYPE_NAME, DATA_NO_LEN, DATA_NAME, LIMIT_FLAG, HIGH_LIMIT, LOW_LIMIT, MISCFLGS) VALUES ('IFSSYS011', '104', '2', '菜单位置', 1, '上面', null, null, null, null);
INSERT INTO IFS_DATA_DIC (ID, DATA_TYPE_NO, DATA_NO, DATA_TYPE_NAME, DATA_NO_LEN, DATA_NAME, LIMIT_FLAG, HIGH_LIMIT, LOW_LIMIT, MISCFLGS) VALUES ('IFSSYS012', '104', '1', '菜单位置', 1, '左侧', null, null, null, null);
INSERT INTO IFS_DATA_DIC (ID, DATA_TYPE_NO, DATA_NO, DATA_TYPE_NAME, DATA_NO_LEN, DATA_NAME, LIMIT_FLAG, HIGH_LIMIT, LOW_LIMIT, MISCFLGS) VALUES ('IFSSYS013', '103', '2', '资源类型', 1, '目录', null, null, null, null);
INSERT INTO IFS_DATA_DIC (ID, DATA_TYPE_NO, DATA_NO, DATA_TYPE_NAME, DATA_NO_LEN, DATA_NAME, LIMIT_FLAG, HIGH_LIMIT, LOW_LIMIT, MISCFLGS) VALUES ('IFSSYS014', '103', '1', '资源类型', 1, '功能', null, null, null, null);
INSERT INTO IFS_DATA_DIC (ID, DATA_TYPE_NO, DATA_NO, DATA_TYPE_NAME, DATA_NO_LEN, DATA_NAME, LIMIT_FLAG, HIGH_LIMIT, LOW_LIMIT, MISCFLGS) VALUES ('IFSSYS015', '103', '0', '资源类型', 1, '菜单', null, null, null, null);
INSERT INTO IFS_DATA_DIC (ID, DATA_TYPE_NO, DATA_NO, DATA_TYPE_NAME, DATA_NO_LEN, DATA_NAME, LIMIT_FLAG, HIGH_LIMIT, LOW_LIMIT, MISCFLGS) VALUES ('IFSSYS016', '114', '4', '批量导出任务状态', 1, '执行失败', null, null, null, null);
INSERT INTO IFS_DATA_DIC (ID, DATA_TYPE_NO, DATA_NO, DATA_TYPE_NAME, DATA_NO_LEN, DATA_NAME, LIMIT_FLAG, HIGH_LIMIT, LOW_LIMIT, MISCFLGS) VALUES ('IFSSYS017', '114', '1', '批量导出任务状态', 1, '准备执行', null, null, null, null);
INSERT INTO IFS_DATA_DIC (ID, DATA_TYPE_NO, DATA_NO, DATA_TYPE_NAME, DATA_NO_LEN, DATA_NAME, LIMIT_FLAG, HIGH_LIMIT, LOW_LIMIT, MISCFLGS) VALUES ('IFSSYS018', '114', '0', '批量导出任务状态', 1, '初始状态', null, null, null, null);
INSERT INTO IFS_DATA_DIC (ID, DATA_TYPE_NO, DATA_NO, DATA_TYPE_NAME, DATA_NO_LEN, DATA_NAME, LIMIT_FLAG, HIGH_LIMIT, LOW_LIMIT, MISCFLGS) VALUES ('IFSSYS019', '114', '3', '批量导出任务状态', 1, '任务完成', null, null, null, null);
INSERT INTO IFS_DATA_DIC (ID, DATA_TYPE_NO, DATA_NO, DATA_TYPE_NAME, DATA_NO_LEN, DATA_NAME, LIMIT_FLAG, HIGH_LIMIT, LOW_LIMIT, MISCFLGS) VALUES ('IFSSYS020', '114', '2', '批量导出任务状态', 1, '正在执行', null, null, null, null);

INSERT INTO IFS_MENU_INF (FUNCID, FUNCNAME, PAGEPATH, LOCATION, ISDIRECTORY, LASTDIRECTORY, SHOWSEQ, FUNC_CLASS, FUNC_TYPE, WORKFLOW_FLAG, UP_FUNC_CODE, FUNC_DESC, STATUS, MISCFLGS, MISC, ICON_CLS) VALUES ('1000', '系统维护', null, 2, 1, null, 0, null, '2', null, null, null, null, null, null, 'fa fa-certificate');
INSERT INTO IFS_MENU_INF (FUNCID, FUNCNAME, PAGEPATH, LOCATION, ISDIRECTORY, LASTDIRECTORY, SHOWSEQ, FUNC_CLASS, FUNC_TYPE, WORKFLOW_FLAG, UP_FUNC_CODE, FUNC_DESC, STATUS, MISCFLGS, MISC, ICON_CLS) VALUES ('100001', '机构管理', '/pages/mng/BranchMngEntry.jsp', 2, 0, '1000', 0, null, '0', null, null, null, null, null, null, 'fa fa-sitemap');
INSERT INTO IFS_MENU_INF (FUNCID, FUNCNAME, PAGEPATH, LOCATION, ISDIRECTORY, LASTDIRECTORY, SHOWSEQ, FUNC_CLASS, FUNC_TYPE, WORKFLOW_FLAG, UP_FUNC_CODE, FUNC_DESC, STATUS, MISCFLGS, MISC, ICON_CLS) VALUES ('100002', '岗位管理', '/pages/mng/roleMngEntry.jsp', 2, 0, '1000', 2, null, '0', null, null, null, null, null, null, null);
INSERT INTO IFS_MENU_INF (FUNCID, FUNCNAME, PAGEPATH, LOCATION, ISDIRECTORY, LASTDIRECTORY, SHOWSEQ, FUNC_CLASS, FUNC_TYPE, WORKFLOW_FLAG, UP_FUNC_CODE, FUNC_DESC, STATUS, MISCFLGS, MISC, ICON_CLS) VALUES ('100003', '用户管理', '/pages/mng/operMngEntry.jsp', 2, 0, '1000', 3, null, '0', null, null, null, null, null, null, 'fa fa-users');
INSERT INTO IFS_MENU_INF (FUNCID, FUNCNAME, PAGEPATH, LOCATION, ISDIRECTORY, LASTDIRECTORY, SHOWSEQ, FUNC_CLASS, FUNC_TYPE, WORKFLOW_FLAG, UP_FUNC_CODE, FUNC_DESC, STATUS, MISCFLGS, MISC, ICON_CLS) VALUES ('1001', '系统配置', null, 2, 0, null, 3, null, '0', null, null, null, null, null, null, 'fa fa-cogs');
INSERT INTO IFS_MENU_INF (FUNCID, FUNCNAME, PAGEPATH, LOCATION, ISDIRECTORY, LASTDIRECTORY, SHOWSEQ, FUNC_CLASS, FUNC_TYPE, WORKFLOW_FLAG, UP_FUNC_CODE, FUNC_DESC, STATUS, MISCFLGS, MISC, ICON_CLS) VALUES ('100101', '数据字典配置', '/pages/mng/DataDicEntry.jsp', 2, 0, '1001', 0, null, '0', null, null, null, null, null, null, 'fa fa-book');
INSERT INTO IFS_MENU_INF (FUNCID, FUNCNAME, PAGEPATH, LOCATION, ISDIRECTORY, LASTDIRECTORY, SHOWSEQ, FUNC_CLASS, FUNC_TYPE, WORKFLOW_FLAG, UP_FUNC_CODE, FUNC_DESC, STATUS, MISCFLGS, MISC, ICON_CLS) VALUES ('100102', '菜单管理', '/pages/mng/FunctionMng.jsp', 2, 0, '1001', 1, null, '0', null, null, null, null, null, null, 'fa fa-list');
INSERT INTO IFS_MENU_INF (FUNCID, FUNCNAME, PAGEPATH, LOCATION, ISDIRECTORY, LASTDIRECTORY, SHOWSEQ, FUNC_CLASS, FUNC_TYPE, WORKFLOW_FLAG, UP_FUNC_CODE, FUNC_DESC, STATUS, MISCFLGS, MISC, ICON_CLS) VALUES ('100103', '定时任务设置', '/pages/mng/bopTimedSchedulerManage.jsp', 2, 0, '1001', 2, null, '0', null, null, null, null, null, null, 'fa fa-bell');
INSERT INTO IFS_MENU_INF (FUNCID, FUNCNAME, PAGEPATH, LOCATION, ISDIRECTORY, LASTDIRECTORY, SHOWSEQ, FUNC_CLASS, FUNC_TYPE, WORKFLOW_FLAG, UP_FUNC_CODE, FUNC_DESC, STATUS, MISCFLGS, MISC, ICON_CLS) VALUES ('100104', '系统参数设置', '/pages/mng/SysParamsSec.jsp', 2, 0, '1001', 3, null, '0', null, null, null, null, null, null, 'fa fa-cog');
INSERT INTO IFS_MENU_INF (FUNCID, FUNCNAME, PAGEPATH, LOCATION, ISDIRECTORY, LASTDIRECTORY, SHOWSEQ, FUNC_CLASS, FUNC_TYPE, WORKFLOW_FLAG, UP_FUNC_CODE, FUNC_DESC, STATUS, MISCFLGS, MISC, ICON_CLS) VALUES ('1003', '数据查询', null, 2, 0, null, 5, null, '0', null, null, null, null, null, null, 'fa fa-search');
INSERT INTO IFS_MENU_INF (FUNCID, FUNCNAME, PAGEPATH, LOCATION, ISDIRECTORY, LASTDIRECTORY, SHOWSEQ, FUNC_CLASS, FUNC_TYPE, WORKFLOW_FLAG, UP_FUNC_CODE, FUNC_DESC, STATUS, MISCFLGS, MISC, ICON_CLS) VALUES ('100301', '系统日志查询', '/pages/mng/bizLogQuery.jsp', 2, 0, '1003', 0, null, '0', null, null, null, null, null, null, 'fa fa-search');
INSERT INTO IFS_MENU_INF (FUNCID, FUNCNAME, PAGEPATH, LOCATION, ISDIRECTORY, LASTDIRECTORY, SHOWSEQ, FUNC_CLASS, FUNC_TYPE, WORKFLOW_FLAG, UP_FUNC_CODE, FUNC_DESC, STATUS, MISCFLGS, MISC, ICON_CLS) VALUES ('100302', '用户登录日志查询', '/pages/mng/LoginLogQueryTabs.jsp', 2, 0, '1003', 1, null, '0', null, null, null, null, null, null, 'fa fa-search');
INSERT INTO IFS_MENU_INF (FUNCID, FUNCNAME, PAGEPATH, LOCATION, ISDIRECTORY, LASTDIRECTORY, SHOWSEQ, FUNC_CLASS, FUNC_TYPE, WORKFLOW_FLAG, UP_FUNC_CODE, FUNC_DESC, STATUS, MISCFLGS, MISC, ICON_CLS) VALUES ('100303', '人员岗位权限查询', '/pages/mng/UserAuthorityDown.jsp', 2, 0, '1003', 2, null, '0', null, null, null, null, null, null, 'fa fa-search');
INSERT INTO IFS_MENU_INF (FUNCID, FUNCNAME, PAGEPATH, LOCATION, ISDIRECTORY, LASTDIRECTORY, SHOWSEQ, FUNC_CLASS, FUNC_TYPE, WORKFLOW_FLAG, UP_FUNC_CODE, FUNC_DESC, STATUS, MISCFLGS, MISC, ICON_CLS) VALUES ('100304', '定时任务执行日志查询', '/pages/mng/bopTimedSchedulerManageLog.jsp', 2, 0, '1003', 3, null, '0', null, null, null, null, null, null, 'fa fa-search');
INSERT INTO IFS_MENU_INF (FUNCID, FUNCNAME, PAGEPATH, LOCATION, ISDIRECTORY, LASTDIRECTORY, SHOWSEQ, FUNC_CLASS, FUNC_TYPE, WORKFLOW_FLAG, UP_FUNC_CODE, FUNC_DESC, STATUS, MISCFLGS, MISC, ICON_CLS) VALUES ('1005', '开发工具', null, 2, 1, null, 6, null, '0', null, null, null, '1', null, null, 'fa fa-wrench');
INSERT INTO IFS_MENU_INF (FUNCID, FUNCNAME, PAGEPATH, LOCATION, ISDIRECTORY, LASTDIRECTORY, SHOWSEQ, FUNC_CLASS, FUNC_TYPE, WORKFLOW_FLAG, UP_FUNC_CODE, FUNC_DESC, STATUS, MISCFLGS, MISC, ICON_CLS) VALUES ('100501', '图标管理', '/pages/mng/iconMng.jsp', 2, 0, '1005', 1, null, '0', null, null, null, null, null, null, 'fa fa-user');
INSERT INTO IFS_MENU_INF (FUNCID, FUNCNAME, PAGEPATH, LOCATION, ISDIRECTORY, LASTDIRECTORY, SHOWSEQ, FUNC_CLASS, FUNC_TYPE, WORKFLOW_FLAG, UP_FUNC_CODE, FUNC_DESC, STATUS, MISCFLGS, MISC, ICON_CLS) VALUES ('100502', '组件平台', '_blank:/pages/example/index.jsp', 2, 0, '1005', 2, null, '0', null, null, null, null, null, null, 'fa fa-laptop');



INSERT INTO IFS_ORG (BRCODE, BRNO, BRNAME, BRCLASS, BRATTR, BLN_BRANCH_CLASS, BLN_BRANCH_BRCODE, BLN_MANAGE_BRCODE, BLN_UP_BRCODE, TXN_BRCODE, AUTHLVL, LINKMAN, TELENO, ADDRESS, POSTNO, OTHER_AREA_FLAG, REGIONALISM, FINANCE_CODE, STATUS, MISCFLGS, MISC, LAST_UPD_TLR, LAST_UPD_FUNC, LAST_UPD_DATE, ST, IS_LOCK, IS_DEL) VALUES ('0001', '123456666666', 'XX银行总行', '1', null, null, null, '0001', null, null, null, null, '123456              ', '1', '123456', null, null, null, '1', null, null, 'admin', null, '20150702', '4', 'F', 'F');
INSERT INTO IFS_ORG (BRCODE, BRNO, BRNAME, BRCLASS, BRATTR, BLN_BRANCH_CLASS, BLN_BRANCH_BRCODE, BLN_MANAGE_BRCODE, BLN_UP_BRCODE, TXN_BRCODE, AUTHLVL, LINKMAN, TELENO, ADDRESS, POSTNO, OTHER_AREA_FLAG, REGIONALISM, FINANCE_CODE, STATUS, MISCFLGS, MISC, LAST_UPD_TLR, LAST_UPD_FUNC, LAST_UPD_DATE, ST, IS_LOCK, IS_DEL) VALUES ('0002', '12345666666601', 'XX分行', '2', null, null, null, '0002', '0001', null, null, null, null, null, null, null, null, null, '1', null, null, 'admin', null, '20150703', '4', 'F', 'F');
INSERT INTO IFS_ORG (BRCODE, BRNO, BRNAME, BRCLASS, BRATTR, BLN_BRANCH_CLASS, BLN_BRANCH_BRCODE, BLN_MANAGE_BRCODE, BLN_UP_BRCODE, TXN_BRCODE, AUTHLVL, LINKMAN, TELENO, ADDRESS, POSTNO, OTHER_AREA_FLAG, REGIONALISM, FINANCE_CODE, STATUS, MISCFLGS, MISC, LAST_UPD_TLR, LAST_UPD_FUNC, LAST_UPD_DATE, ST, IS_LOCK, IS_DEL) VALUES ('0003', '1234566666660101', 'XX支行', '5', null, null, null, '0003', '0002', null, null, null, '1234                ', null, null, null, null, null, '1', null, null, 'admin', null, '20150703', '4', 'F', 'F');


INSERT INTO IFS_RES_INF (ID, ROLE_ID, FUNCID) VALUES ('4520f6765cb3487bb6849e1273e81084', 111, '1000');
INSERT INTO IFS_RES_INF (ID, ROLE_ID, FUNCID) VALUES ('882e223c724d4e7280e828472587ab47', 111, '100001');
INSERT INTO IFS_RES_INF (ID, ROLE_ID, FUNCID) VALUES ('58646891a62b4ffa91314e2636c7e270', 111, '100002');
INSERT INTO IFS_RES_INF (ID, ROLE_ID, FUNCID) VALUES ('2dfeff25841644d4a1e3b708fbaf9aa1', 111, '100003');
INSERT INTO IFS_RES_INF (ID, ROLE_ID, FUNCID) VALUES ('d72c5604cd4f4964b0da4ed46930be8c', 111, '1001');
INSERT INTO IFS_RES_INF (ID, ROLE_ID, FUNCID) VALUES ('5b5178fe474f49ccba81f2569fe64a42', 111, '100101');
INSERT INTO IFS_RES_INF (ID, ROLE_ID, FUNCID) VALUES ('5f31b6320b8d41e5af1b961b96140f3a', 111, '100102');
INSERT INTO IFS_RES_INF (ID, ROLE_ID, FUNCID) VALUES ('cc011dad543f49758ed16e5b97cad53e', 111, '100103');
INSERT INTO IFS_RES_INF (ID, ROLE_ID, FUNCID) VALUES ('8ec6c7ab6efa4e87bbe6390f34e379d2', 111, '100104');
INSERT INTO IFS_RES_INF (ID, ROLE_ID, FUNCID) VALUES ('2021405a1ea8498c8b74e1b339fc40e9', 111, '1003');
INSERT INTO IFS_RES_INF (ID, ROLE_ID, FUNCID) VALUES ('b47bed283f1b4cff8958cbc491a609d7', 111, '100301');
INSERT INTO IFS_RES_INF (ID, ROLE_ID, FUNCID) VALUES ('4193dbf751ad4f14949b541e55d5c535', 111, '100302');
INSERT INTO IFS_RES_INF (ID, ROLE_ID, FUNCID) VALUES ('040a9fca10b34a05a6e459e886044dc5', 111, '100303');
INSERT INTO IFS_RES_INF (ID, ROLE_ID, FUNCID) VALUES ('9a0d76fec05a4b499d06c549eb770794', 111, '100304');
INSERT INTO IFS_RES_INF (ID, ROLE_ID, FUNCID) VALUES ('02a4a4f820a140ff89f1239b9d6e2fe8', 111, '1005');
INSERT INTO IFS_RES_INF (ID, ROLE_ID, FUNCID) VALUES ('834325c450d44174a12409719a043efb', 111, '100501');
INSERT INTO IFS_RES_INF (ID, ROLE_ID, FUNCID) VALUES ('7d1e4bb1c79840d780eedcd9dd282d9a', 111, '100502');

INSERT INTO IFS_ROLE (ROLE_ID, ROLE_NAME, STATUS, EFFECT_DATE, EXPIRE_DATE, BRCLASS, MISCFLGS, MISC, ROLE_TYPE, IS_LOCK, CRT_DT, LAST_UPD_TMS, LAST_UPD_OPER, ST) VALUES (111, '管理岗', '1', null, null, null, null, null, null, '0', null, null, null, '4');

INSERT INTO IFS_SER_NUM (ID, VALUE_NO, VALUE_INDEX, VALUE_CURR, MAX_VALUE, MIN_VALUE) VALUES ('9B11908EA8A44CAE920732EED43290A8', 11, '00000000000000000000', 200, 999999999, 111);
INSERT INTO IFS_SER_NUM (ID, VALUE_NO, VALUE_INDEX, VALUE_CURR, MAX_VALUE, MIN_VALUE) VALUES ('9B11908EA8A44CAE920732EED43290A7', 10, '00000000000000000000', 200, 9999, 1);

INSERT INTO IFS_STAFF (TLRNO, TLR_NAME, TLR_TYPE, EMAIL, BRCODE, PASSWORD, STATUS, ROLEID, MSRNO, FLAG, LOGIN_IP, SESSION_ID, CHEK_DPWD_FLG, CREATE_DATE, LASTACCESSTM, LASTLOGOUTTM, LASTPWDCHGTM, LASTFAILEDTM, PSWDERRCNT, TOTPSWDERRCNT, PSWDERRDATE, PASSWDENC, FAILMAXLOGIN, PASSWDCHGINTERVAL, PASSWDWARNINTERVAL, IS_LOCK, LOCK_REASON, IS_LOCK_MODIFY, CRT_DT, LAST_UPD_TMS, LAST_UPD_OPER, ST) VALUES ('admin', '系统管理员', null, null, '0001', '847CDF684DC92F99C83C908F9F438ED4', '1', null, null, '1', '0:0:0:0:0:0:0:1', '45F82B2640A366F5DD0E85E6038A5F2A', null, null, '20150706154124', '20150706153317', '20150706111917', null, 0, 0, null, 'MD5', null, null, null, '0', null, '1', null, null, null, '4');
INSERT INTO IFS_STAFF_EXT (TLRNO, TEL_NO, EMAIL, QQ_NO, WX_NO, HEAD_IMG) VALUES ('admin', null, null, null, null, null);

INSERT INTO IFS_STAFF_ROLE_REL (ID, TLRNO, ROLE_ID, STATUS) VALUES ('19bf38fc8cee43379bd18b853de68006', 'admin', 111, '1');

INSERT INTO IFS_SYS_INF (ID, SYSTEM_NAME, TBSDY, BHDATE, LBHDATE, STATUS, SYSTEM_TYPE, MISCFLGS) VALUES (1, 'IFinSnow基础平台', '20150622', '20150623', '20150624', '0', '1 ', null);

INSERT INTO IFS_SYS_PARAM (PARAM_ID, MAGIC_ID, PARAM_START_TM, PARAM_END_TM, PARAM_CHANG_FLAG, PARAM_VALUE_TX, LAST_UPD_TLR, LAST_UPD_FUNC, LAST_UPD_DATE, DESC0, ST, IS_LOCK, IS_DEL) VALUES ('EXP', 'DIR', null, null, null, null, null, null, null, '批量导出的文件路径，默认为系统临时目录', null, 'F', 'F');
INSERT INTO IFS_SYS_PARAM (PARAM_ID, MAGIC_ID, PARAM_START_TM, PARAM_END_TM, PARAM_CHANG_FLAG, PARAM_VALUE_TX, LAST_UPD_TLR, LAST_UPD_FUNC, LAST_UPD_DATE, DESC0, ST, IS_LOCK, IS_DEL) VALUES ('EXP', 'ENCODING', null, null, null, 'utf-8', null, null, null, '批量导出的文件编码', null, 'F', 'F');
INSERT INTO IFS_SYS_PARAM (PARAM_ID, MAGIC_ID, PARAM_START_TM, PARAM_END_TM, PARAM_CHANG_FLAG, PARAM_VALUE_TX, LAST_UPD_TLR, LAST_UPD_FUNC, LAST_UPD_DATE, DESC0, ST, IS_LOCK, IS_DEL) VALUES ('EXP', 'PERFETCH', null, null, null, '100', null, null, null, '批量导出的每次请求的页数', null, 'F', 'F');
INSERT INTO IFS_SYS_PARAM (PARAM_ID, MAGIC_ID, PARAM_START_TM, PARAM_END_TM, PARAM_CHANG_FLAG, PARAM_VALUE_TX, LAST_UPD_TLR, LAST_UPD_FUNC, LAST_UPD_DATE, DESC0, ST, IS_LOCK, IS_DEL) VALUES ('EXP', 'THREAD_SIZE', null, null, null, '3', null, null, null, '批量导出的线程池大小', null, 'F', 'F');
INSERT INTO IFS_SYS_PARAM (PARAM_ID, MAGIC_ID, PARAM_START_TM, PARAM_END_TM, PARAM_CHANG_FLAG, PARAM_VALUE_TX, LAST_UPD_TLR, LAST_UPD_FUNC, LAST_UPD_DATE, DESC0, ST, IS_LOCK, IS_DEL) VALUES ('PSWD', 'REPEAT_INTERVAL', null, null, null, '-1', null, null, null, '密码重复间隔. 用户密码必须与最近N次修改的密码不同. -1:不作限制. 默认为6次', '2', 'T', 'F');
INSERT INTO IFS_SYS_PARAM (PARAM_ID, MAGIC_ID, PARAM_START_TM, PARAM_END_TM, PARAM_CHANG_FLAG, PARAM_VALUE_TX, LAST_UPD_TLR, LAST_UPD_FUNC, LAST_UPD_DATE, DESC0, ST, IS_LOCK, IS_DEL) VALUES ('PSWD', 'ENC_MODE', null, null, null, 'MD5', null, null, null, '密码加密方式,目前支持,MD5、AES', '2', 'T', 'F');
INSERT INTO IFS_SYS_PARAM (PARAM_ID, MAGIC_ID, PARAM_START_TM, PARAM_END_TM, PARAM_CHANG_FLAG, PARAM_VALUE_TX, LAST_UPD_TLR, LAST_UPD_FUNC, LAST_UPD_DATE, DESC0, ST, IS_LOCK, IS_DEL) VALUES ('PSWD', 'DEFAULT_PWD', null, null, null, '123456', null, null, null, '系统用户增加时的默认密码', '4', 'F', 'F');
INSERT INTO IFS_SYS_PARAM (PARAM_ID, MAGIC_ID, PARAM_START_TM, PARAM_END_TM, PARAM_CHANG_FLAG, PARAM_VALUE_TX, LAST_UPD_TLR, LAST_UPD_FUNC, LAST_UPD_DATE, DESC0, ST, IS_LOCK, IS_DEL) VALUES ('PSWD', 'MAX_ERR_CNT', null, null, '1', '5', null, null, null, '密码输入最大允许错误次数，其中-1表示无穷大，默认为5', '4', 'F', 'F');
INSERT INTO IFS_SYS_PARAM (PARAM_ID, MAGIC_ID, PARAM_START_TM, PARAM_END_TM, PARAM_CHANG_FLAG, PARAM_VALUE_TX, LAST_UPD_TLR, LAST_UPD_FUNC, LAST_UPD_DATE, DESC0, ST, IS_LOCK, IS_DEL) VALUES ('PSWD', 'LOCKING_TIME', null, null, '1', '30', null, null, null, '锁定时间（单位：分钟），其中-1表示无穷大，默认为30', '4', 'F', 'F');
INSERT INTO IFS_SYS_PARAM (PARAM_ID, MAGIC_ID, PARAM_START_TM, PARAM_END_TM, PARAM_CHANG_FLAG, PARAM_VALUE_TX, LAST_UPD_TLR, LAST_UPD_FUNC, LAST_UPD_DATE, DESC0, ST, IS_LOCK, IS_DEL) VALUES ('PSWD', 'EFFECTIVE_DAY', null, null, '1', '60', null, null, null, '密码有效时间间隔（单位：天），超过此天数则强制更改密码，其中-1表示无穷大，默认为60', '4', 'F', 'F');
INSERT INTO IFS_SYS_PARAM (PARAM_ID, MAGIC_ID, PARAM_START_TM, PARAM_END_TM, PARAM_CHANG_FLAG, PARAM_VALUE_TX, LAST_UPD_TLR, LAST_UPD_FUNC, LAST_UPD_DATE, DESC0, ST, IS_LOCK, IS_DEL) VALUES ('PSWD', 'PSWD_STRENGTH', null, null, null, '1', null, null, null, '密码强度，1、2、3对应弱、中、强，默认为2', '4', 'F', 'F');
INSERT INTO IFS_SYS_PARAM (PARAM_ID, MAGIC_ID, PARAM_START_TM, PARAM_END_TM, PARAM_CHANG_FLAG, PARAM_VALUE_TX, LAST_UPD_TLR, LAST_UPD_FUNC, LAST_UPD_DATE, DESC0, ST, IS_LOCK, IS_DEL) VALUES ('PSWD', 'SAVE_QUERY_LOG', null, null, null, '0', null, null, null, '记录系统查询日志，1:记录 0:不记录', '4', 'F', 'F');
INSERT INTO IFS_SYS_PARAM (PARAM_ID, MAGIC_ID, PARAM_START_TM, PARAM_END_TM, PARAM_CHANG_FLAG, PARAM_VALUE_TX, LAST_UPD_TLR, LAST_UPD_FUNC, LAST_UPD_DATE, DESC0, ST, IS_LOCK, IS_DEL) VALUES ('PSWD', 'USER_CLOSE', null, null, '1', '90', null, null, null, '用户登录设置天数不登录将自动无效 0 表示不生效 单位（天）', '4', 'F', 'F');
INSERT INTO IFS_SYS_PARAM (PARAM_ID, MAGIC_ID, PARAM_START_TM, PARAM_END_TM, PARAM_CHANG_FLAG, PARAM_VALUE_TX, LAST_UPD_TLR, LAST_UPD_FUNC, LAST_UPD_DATE, DESC0, ST, IS_LOCK, IS_DEL) VALUES ('PSWD', 'PREVENT_TIME', null, null, '1', '-1', null, null, null, '阻止用户在N(小时)内再次修改密码, -1表示不阻止', '4', 'F', 'F');
INSERT INTO IFS_SYS_PARAM (PARAM_ID, MAGIC_ID, PARAM_START_TM, PARAM_END_TM, PARAM_CHANG_FLAG, PARAM_VALUE_TX, LAST_UPD_TLR, LAST_UPD_FUNC, LAST_UPD_DATE, DESC0, ST, IS_LOCK, IS_DEL) VALUES ('PSWD', 'LIMIT', null, null, null, '6', null, null, null, '密码最小长度', '4', 'F', 'F');
INSERT INTO IFS_SYS_PARAM (PARAM_ID, MAGIC_ID, PARAM_START_TM, PARAM_END_TM, PARAM_CHANG_FLAG, PARAM_VALUE_TX, LAST_UPD_TLR, LAST_UPD_FUNC, LAST_UPD_DATE, DESC0, ST, IS_LOCK, IS_DEL) VALUES ('PSWD', 'COMPLEXITY', null, null, '1', '0000', null, null, null, '密码复杂度,4位数字,4位分别表示是否要求包含特殊字符,小写字母,大写字母,数字', '4', 'F', 'F');
INSERT INTO IFS_SYS_PARAM (PARAM_ID, MAGIC_ID, PARAM_START_TM, PARAM_END_TM, PARAM_CHANG_FLAG, PARAM_VALUE_TX, LAST_UPD_TLR, LAST_UPD_FUNC, LAST_UPD_DATE, DESC0, ST, IS_LOCK, IS_DEL) VALUES ('PSWD', 'LOGIN_RULE', null, null, null, '0', null, null, null, '是否限制用户登录，0不限制，1不能并发登录，默认为0（设置为1如果不正常退出需要管理员签退或session超时）', '4', 'F', 'F');
INSERT INTO IFS_SYS_PARAM (PARAM_ID, MAGIC_ID, PARAM_START_TM, PARAM_END_TM, PARAM_CHANG_FLAG, PARAM_VALUE_TX, LAST_UPD_TLR, LAST_UPD_FUNC, LAST_UPD_DATE, DESC0, ST, IS_LOCK, IS_DEL) VALUES ('SYS', 'CRONJOB_DBSTORE', null, null, null, '0', null, null, null, '定时任务数据是否持久化,1是持久化,0是不持久话；在集群情况下请使用持久化方式，重启生效', '4', 'F', 'F');
INSERT INTO IFS_SYS_PARAM (PARAM_ID, MAGIC_ID, PARAM_START_TM, PARAM_END_TM, PARAM_CHANG_FLAG, PARAM_VALUE_TX, LAST_UPD_TLR, LAST_UPD_FUNC, LAST_UPD_DATE, DESC0, ST, IS_LOCK, IS_DEL) VALUES ('SYS', 'CRONJOB_RUNNING', null, null, null, '0', null, null, null, '定时任务服务是否启动,1是启动,0是不启动；重启生效', '4', 'F', 'F');
INSERT INTO IFS_SYS_PARAM (PARAM_ID, MAGIC_ID, PARAM_START_TM, PARAM_END_TM, PARAM_CHANG_FLAG, PARAM_VALUE_TX, LAST_UPD_TLR, LAST_UPD_FUNC, LAST_UPD_DATE, DESC0, ST, IS_LOCK, IS_DEL) VALUES ('SYS', 'EXPORT_BATCH_RUNNING', null, null, null, '0', null, null, null, '批量下载服务是否启动,1是启动,0是不启动；重启生效', null, 'F', 'F');
INSERT INTO IFS_SYS_PARAM (PARAM_ID, MAGIC_ID, PARAM_START_TM, PARAM_END_TM, PARAM_CHANG_FLAG, PARAM_VALUE_TX, LAST_UPD_TLR, LAST_UPD_FUNC, LAST_UPD_DATE, DESC0, ST, IS_LOCK, IS_DEL) VALUES ('SYS', 'CURRENT_DATE', null, null, null, '1', null, null, null, '系统日期,0采用GlobalInfo表批量日切日期,1采用系统当前日期', '4', 'F', 'F');
INSERT INTO IFS_SYS_PARAM (PARAM_ID, MAGIC_ID, PARAM_START_TM, PARAM_END_TM, PARAM_CHANG_FLAG, PARAM_VALUE_TX, LAST_UPD_TLR, LAST_UPD_FUNC, LAST_UPD_DATE, DESC0, ST, IS_LOCK, IS_DEL) VALUES ('SYS', 'CRONJOB_DELAY', null, null, null, '60', null, null, null, '定时任务服务延时启动时长，单位为：秒，默认60', '4', 'F', 'F');
commit;
